id_cupons;pode_usar_outros_codigos;limite_custo;data_fim;cupom_codigo;entrega_free;valido_somente_novos_clientes;valor_minimo;data_inicio;status;tipo;quem_paga_cupom;dias_duracao;novos_clientes_adquiridos;qtde_uso;valor_total_uso;percentagem;valor_fixo;limite_uso_por_cpf;limite_uso
5f9dd4629edca400210011ca;false;20000;2020-11-17 03:00:00;FRIDAY60;true;false;60;2020-11-01 03:00:00;INACTIVE;FIXED_DISCOUNT;PLATFORM;-16;34;40;1007.3700000000002;;;;
5f9dd6d79edca4002100154b;false;;2021-03-24 03:00:00;#TimeQuerido;true;false;;;ACTIVE;PERCENT_DISCOUNT;PLATFORM;;;4;121.44;20;;;
5fa46012903a35002117a6ad;false;6000;2020-12-25 03:00:00;FRIDAY2060;true;false;60;2020-11-05 03:00:00;INACTIVE;FIXED_DISCOUNT;PLATFORM;-50;9;12;240.0;;20.0;2;50
5fa9ad19ce7202002177907f;false;;2020-12-30 03:00:00;LOOVEM;false;false;70;2020-11-09 03:00:00;ACTIVE;PERCENT_DISCOUNT;PLATFORM;-51;;;;15;;1;300
5fad8b562929b600211a7614;false;2000;2021-04-30 03:00:00;#eliana;false;false;;2021-04-19 03:00:00;ACTIVE;PERCENT_DISCOUNT;PLATFORM;-11;56;83;1140.03;15;;2;
5faed55f94d3250021fb0e50;false;12000;2020-11-25 03:00:00;VDB50;false;false;99;2020-11-13 03:00:00;INACTIVE;PERCENT_DISCOUNT;PLATFORM;-12;117;148;12236.470000000003;50;;1;
5fb596c8aaf0990021ab8488;false;12453;2020-12-31 03:00:00;VDB59;true;false;59;2020-11-18 03:00:00;ACTIVE;FIXED_DISCOUNT;PLATFORM;-43;;;;;;1;
5fb820ea2513e100219f51ad;false;15000;2020-12-01 03:00:00;BOLOWEEK;false;false;99;2020-11-20 03:00:00;INACTIVE;PERCENT_DISCOUNT;PLATFORM;-11;89;129;11266.850000000004;50;;1;
5fbd73835da74a0021e4fcf6;false;1000;2020-12-01 03:00:00;Influenciavdb;false;false;;2020-11-24 03:00:00;ACTIVE;FIXED_DISCOUNT;PLATFORM;-7;3;4;800.0;;200.0;1;5
5fbd7b955da74a0021e53abb;false;;;#sorte554;false;false;50;2020-11-30 03:00:00;ACTIVE;FIXED_DISCOUNT;PLATFORM;;1;35;1050.0;;30.0;1;128
5fbe9f765da74a0021ebc573;false;;2020-12-31 03:00:00;vivodebolo;false;false;;2020-11-25 03:00:00;ACTIVE;PERCENT_DISCOUNT;PLATFORM;-36;;1;14.99;15;;1;20
5fc6663033284c00219cd211;false;500;2021-01-01 03:00:00;#queridos;false;false;69;2020-11-30 03:00:00;ACTIVE;PERCENT_DISCOUNT;PLATFORM;-32;;;;15;;1;10
5fc7a3d0a91cbc0021c0e6db;false;;;VEMPRIMEIRO;false;true;20;2020-12-03 03:00:00;ACTIVE;PERCENT_DISCOUNT;PLATFORM;;4;5;33.64;10;;1;
5fcead571ad1840021989915;false;300;2021-01-04 03:00:00;#querofesta;false;false;;2020-12-07 03:00:00;ACTIVE;PERCENT_DISCOUNT;PLATFORM;-28;;;;15;;1;100
5fcfd1c0c8d4e30021568df2;false;2000;2021-02-26 03:00:00;#Vem50;false;false;150;2020-12-08 03:00:00;ACTIVE;FIXED_DISCOUNT;PLATFORM;-80;5;14;550.0;;50.0;1;
5fd0d6bdc8d4e3002158068d;false;1000;2020-12-31 03:00:00;50doceria;false;false;150;2020-12-10 03:00:00;ACTIVE;FIXED_DISCOUNT;PLATFORM;-21;1;3;50.0;;50.0;1;
5fd0e8cdc8d4e30021582c83;false;300;;CUPOMBF;false;false;99;2020-12-08 03:00:00;ACTIVE;PERCENT_DISCOUNT;PLATFORM;;;1;53.68000000000001;50;;1;1
5fd77c6d5876570022448725;false;10000;2021-01-31 03:00:00;BOLOFESTAS;false;false;80;2020-12-14 03:00:00;ACTIVE;FIXED_DISCOUNT;PLATFORM;-48;11;18;360.0;;20.0;1;
5fd79bd7587657002244d034;false;3000;2021-02-28 03:00:00;primeira10;false;false;;2020-12-13 03:00:00;ACTIVE;PERCENT_DISCOUNT;PLATFORM;-77;1;2;11.3;10;;1;
5fd7d2c55876570022457bd5;false;2000;2021-01-31 03:00:00;#consumidor15;false;false;;2020-12-13 03:00:00;ACTIVE;PERCENT_DISCOUNT;PLATFORM;-49;16;24;293.07000000000005;15;;1;
5fdb9a9b2014fe00214d395b;false;;2020-12-31 03:00:00;#VDB15;false;false;;2020-12-16 03:00:00;ACTIVE;PERCENT_DISCOUNT;PLATFORM;-15;2;2;32.7;15;;1;10
5ff615f9d73d5200216e68ca;false;;2021-01-15 03:00:00;vemdebolofazofuturo;false;false;;2021-01-11 03:00:00;ACTIVE;PERCENT_DISCOUNT;PLATFORM;-4;;;;15;;;
5ffddcc0a7af3c00219b3927;false;3000;2021-02-01 03:00:00;AGORASP;false;false;90;2021-01-11 03:00:00;ACTIVE;PERCENT_DISCOUNT;PLATFORM;-21;2;2;22.79;10;;1;
5ffde51ba7af3c00219b3f50;false;3000;2021-02-01 03:00:00;VEMSP;false;false;;2021-01-11 03:00:00;ACTIVE;FIXED_DISCOUNT;PLATFORM;-21;5;6;60.0;;10.0;1;
60004580fc422f00214a8f2a;false;500;2021-01-16 03:00:00;#FERNANDO;false;false;300;2021-01-13 03:00:00;ACTIVE;PERCENT_DISCOUNT;PLATFORM;-3;;;;50;399.0;1;1
6005efab52ef670021154daf;false;;2021-01-23 03:00:00;#CONV20;false;false;;2021-01-18 20:28:45;ACTIVE;PERCENT_DISCOUNT;VENDOR;-4;;1;39.76;20;;;
60083c20657c0500211e96b9;false;;2021-02-14 03:00:00;FEEDBACKALL;false;false;;2021-01-20 03:00:00;ACTIVE;PERCENT_DISCOUNT;PLATFORM;-25;;;;15;;1;70
60106b82a3ec3900215fccb6;false;;2021-01-27 03:00:00;#valter;false;false;;2021-01-26 03:00:00;ACTIVE;FIXED_DISCOUNT;PLATFORM;-1;1;1;94.9;;94.9;1;1
602ec9e39d4d490021deeaad;true;8000;2021-03-30 18:27:42;vemde21;true;false;50;2021-02-19 03:00:00;LIMIT_REACHED;PERCENT_DISCOUNT;PLATFORM;-39;81;170;5933.0999999999985;21;;4;
604167c0317f730021f638a0;false;;2021-03-08 03:00:00;#diadamulhermoça;false;false;89;2021-03-05 03:00:00;ACTIVE;FIXED_DISCOUNT;VENDOR;-3;3;8;126.0;;21.0;;
604671151f2c9e00210fd481;false;;2021-12-31 03:00:00;vemdeprimeira;false;false;;2021-03-08 03:00:00;ACTIVE;PERCENT_DISCOUNT;PLATFORM;-298;15;18;228.56000000000003;10;10.0;;
6049047fee7b9c002174d5ed;true;5000;2021-05-08 03:00:00;vemdefrete-ex;true;false;10;2021-03-15 03:00:00;ACTIVE;FIXED_DISCOUNT;PLATFORM;-54;16;30;881.99;;;;
604f4f1a4f648e00216a206f;false;1000;2021-03-20 03:00:00;cupomfofuxo;true;false;;2021-03-15 03:00:00;ACTIVE;FIXED_DISCOUNT;PLATFORM;-5;1;2;50.0;;25.0;;
6050cf4aaa7c800021093719;true;;;fornecedorfofinho;true;false;;;ACTIVE;PERCENT_DISCOUNT;PLATFORM;;;;;50;;;
60524bb6a27807002147c065;true;;2021-03-31 03:00:00;pesquisalive;true;false;;2021-03-17 03:00:00;ACTIVE;FIXED_DISCOUNT;PLATFORM;-14;1;13;829.71;;20.0;;
6052512aa27807002147ce67;false;5000;2021-04-10 03:00:00;pascoaoab;true;false;;2021-03-17 03:00:00;ACTIVE;PERCENT_DISCOUNT;PLATFORM;-24;3;3;80.72;10;;;
6053b3e36653bc00214f63d8;false;;2021-03-19 03:00:00;pascoaenactus;false;false;50;2021-03-18 03:00:00;ACTIVE;PERCENT_DISCOUNT;PLATFORM;-1;;;;15;;;
60592dbcb0c0ba00213f9827;false;;2021-08-31 03:00:00;VEMDENESTLE21;true;false;60;2021-03-22 03:00:00;ACTIVE;FIXED_DISCOUNT;PLATFORM;-162;5;11;278.76;;5.0;;
60592df7b0c0ba00213f98da;false;;;VEMDEFAMILIA-VDB;true;false;80;2021-03-22 03:00:00;ACTIVE;PERCENT_DISCOUNT;PLATFORM;;;2;41.94;5;;;
6059fda06fa4b800216c894d;false;10000;2021-04-12 03:00:00;vemdefreteagora;true;false;90;2021-03-23 03:00:00;ACTIVE;FIXED_DISCOUNT;PLATFORM;-20;3;11;145.37;;;;
605b8025b6a12e0021438a5f;false;;2021-03-27 03:00:00;cupomcakes;true;false;;;ACTIVE;FIXED_DISCOUNT;PLATFORM;;1;6;442.85;;25.0;;
605b891ab6a12e002143a2a7;true;;2021-04-10 03:00:00;vemdepascoa21;false;true;;2021-03-24 03:00:00;ACTIVE;FIXED_DISCOUNT;PLATFORM;-17;;;;;10.0;;
605c79ee1bd5a2002171cec0;false;;2021-04-10 03:00:00;MOCADOCERIA21;false;false;60;;ACTIVE;FIXED_DISCOUNT;PLATFORM;;6;8;147.0;;21.0;;100
605cee881bd5a20021733ca6;false;;2021-03-31 03:00:00;vemde30;false;false;90;;ACTIVE;PERCENT_DISCOUNT;PLATFORM;;39;77;2929.6700000000005;30;;;1000
605e66945bb893002146a402;true;;2021-03-28 03:00:00;vemdearte;true;false;;;ACTIVE;FIXED_DISCOUNT;PLATFORM;;;;;;25.0;;
6061df6116a28d0021edf33d;false;;2021-04-30 03:00:00;zap30;false;false;90;2021-03-29 03:00:00;LIMIT_REACHED;PERCENT_DISCOUNT;PLATFORM;-32;7;13;449.36999999999995;30;;;
606323a9b9ae7c00216b9ff8;true;;2021-04-10 03:00:00;AUAU10;false;false;;2021-03-30 03:00:00;ACTIVE;FIXED_DISCOUNT;PLATFORM;-11;;;;;10.0;1;
60635355c159b60021147ab8;false;;;cupomcarol;true;false;20;;ACTIVE;FIXED_DISCOUNT;PLATFORM;;1;1;39.0;26;39.0;1;1
6063723dc159b600211505c2;true;;2021-12-31 03:00:00;METAPARCERIA;true;false;;;ACTIVE;PERCENT_DISCOUNT;PLATFORM;;9;21;1021.7700000000001;30;;;
60638617c159b600211543d3;false;4500;2021-07-31 03:00:00;VDBBUSCA21;false;false;85;2021-03-30 03:00:00;ACTIVE;FIXED_DISCOUNT;PLATFORM;-123;10;15;180.0;;15.0;2;
606b34d07673fe00216de4bb;true;;;cupomemilia;false;false;;2021-04-05 03:00:00;ACTIVE;FIXED_DISCOUNT;PLATFORM;;;;;;22.0;;1
606f50db3233b00021f490bd;false;;;allya21;true;false;50;2021-04-08 03:00:00;ACTIVE;PERCENT_DISCOUNT;PLATFORM;;1;1;24.69;10;;;
60744df47c300b0021189ea1;false;;2021-05-23 03:00:00;vemde15;true;false;50;2021-04-12 03:00:00;ACTIVE;FIXED_DISCOUNT;PLATFORM;-41;6;10;247.64;15;15.0;;
60747e467c300b002118f53b;false;10000;2021-07-31 03:00:00;VEMDEFESTA;false;true;;2021-04-12 03:00:00;ACTIVE;PERCENT_DISCOUNT;PLATFORM;-110;2;2;9.48;10;;;
60747f6e7c300b002118f816;false;;2021-04-21 03:00:00;SOUDEARIES;false;false;;2021-04-12 03:00:00;ACTIVE;PERCENT_DISCOUNT;PLATFORM;-9;2;4;34.47;10;;;
6075e5a34a1d6d00212eb369;false;;2021-04-14 03:00:00;BEIJINHODOCE;false;false;50;2021-04-13 03:00:00;ACTIVE;PERCENT_DISCOUNT;PLATFORM;-1;2;2;9.0;15;;;
60784d42266a0600217530ba;false;5000;2021-04-30 03:00:00;PESQUISA21;false;false;;2021-04-15 03:00:00;ACTIVE;FIXED_DISCOUNT;PLATFORM;-15;3;4;120.0;;30.0;;
60799e47ba187100212805ed;false;;2021-04-18 03:00:00;SEXTOUDOCE;true;false;50;2021-04-16 03:00:00;ACTIVE;FIXED_DISCOUNT;PLATFORM;-2;9;13;195.15000000000003;;;;
607d74a6ba3a2c0021f93cd3;false;;2021-04-30 03:00:00;cupomdopedro ;true;false;50;2021-04-19 03:00:00;ACTIVE;FIXED_DISCOUNT;PLATFORM;-11;;;;;30.0;;
607d75bbba3a2c0021f94070;false;;2021-04-30 03:00:00;cupomdathais;true;false;50;2021-04-19 03:00:00;ACTIVE;FIXED_DISCOUNT;PLATFORM;-11;;;;;30.0;;
607d769dba3a2c0021f9442b;false;;2021-04-30 03:00:00;cupomdaamanda;true;false;50;2021-04-19 03:00:00;ACTIVE;FIXED_DISCOUNT;PLATFORM;-11;;;;;30.0;;
607d7841ba3a2c0021f948c2;false;;2021-04-30 03:00:00;cupomdamarina;true;false;50;2021-04-19 03:00:00;ACTIVE;FIXED_DISCOUNT;PLATFORM;-11;;;;;30.0;;
607d786fba3a2c0021f949ef;false;;2021-04-30 03:00:00;cupomdaaline;true;false;50;2021-04-19 03:00:00;ACTIVE;FIXED_DISCOUNT;PLATFORM;-11;;;;;30.0;;
607d7ef0ba3a2c0021f95b3c;false;;2021-04-30 03:00:00;cupomdayask;true;false;50;2021-04-19 03:00:00;ACTIVE;FIXED_DISCOUNT;PLATFORM;-11;1;1;30.0;;30.0;;
607d7f15ba3a2c0021f95b53;false;;2021-04-30 03:00:00;cupomdogiu;true;false;50;2021-04-19 03:00:00;ACTIVE;FIXED_DISCOUNT;PLATFORM;-11;;;;;30.0;;
607d7f7dba3a2c0021f95bca;false;;2021-04-30 03:00:00;cupomdobruno;true;false;50;2021-04-19 03:00:00;ACTIVE;FIXED_DISCOUNT;PLATFORM;-11;;;;;30.0;;
607d7fa7ba3a2c0021f95bef;false;;2021-04-30 03:00:00;cupomdamariana;true;false;50;2021-04-19 03:00:00;ACTIVE;FIXED_DISCOUNT;PLATFORM;-11;;;;;30.0;;
607d8014ba3a2c0021f95c34;false;;2021-04-30 03:00:00;cupomdoeverton;true;false;50;2021-04-19 03:00:00;ACTIVE;FIXED_DISCOUNT;PLATFORM;-11;;;;;30.0;;
607d83c4ba3a2c0021f95fed;false;;2021-04-30 03:00:00;cupomdasimone;true;false;50;2021-04-19 03:00:00;ACTIVE;FIXED_DISCOUNT;PLATFORM;-11;;;;;30.0;;
607d9b29ba3a2c0021f98883;false;;2021-04-30 03:00:00;cupomadri;true;false;50;2021-04-19 03:00:00;ACTIVE;FIXED_DISCOUNT;PLATFORM;-11;;;;;15.0;;
607d9bb3ba3a2c0021f989c4;false;;2021-04-30 03:00:00;cupomadrielli;true;false;;2021-04-19 03:00:00;ACTIVE;FIXED_DISCOUNT;PLATFORM;-11;;;;;15.0;;
607d9be6ba3a2c0021f989fe;false;;2021-04-30 03:00:00;cupomdoaleixo;true;false;;2021-04-19 03:00:00;ACTIVE;FIXED_DISCOUNT;PLATFORM;-11;;;;;15.0;;
607d9c45ba3a2c0021f98a67;false;;2021-04-30 03:00:00;cupomdaandrea;true;false;50;2021-04-19 03:00:00;ACTIVE;FIXED_DISCOUNT;PLATFORM;-11;;;;;15.0;;
607d9cdcba3a2c0021f98af2;false;;2021-04-30 03:00:00;cupomdaandreia;true;false;50;2021-04-19 03:00:00;ACTIVE;FIXED_DISCOUNT;PLATFORM;-11;;;;;30.0;;
607d9d27ba3a2c0021f98be3;false;;2021-04-30 03:00:00;cupomdaamelia;true;false;50;2021-04-19 03:00:00;ACTIVE;FIXED_DISCOUNT;PLATFORM;-11;;;;;15.0;;
607d9d7eba3a2c0021f98caa;false;;2021-04-30 03:00:00;cupomdaberenice;true;false;50;2021-04-19 03:00:00;ACTIVE;FIXED_DISCOUNT;PLATFORM;-11;;;;;15.0;;
607d9dc6ba3a2c0021f98d23;false;;2021-04-30 03:00:00;cupomdacamila;true;false;50;2021-04-19 03:00:00;ACTIVE;FIXED_DISCOUNT;PLATFORM;-11;;;;;15.0;;
607d9de8ba3a2c0021f98d68;false;;2021-04-30 03:00:00;cupomdacarol;true;false;50;2021-04-19 03:00:00;ACTIVE;FIXED_DISCOUNT;PLATFORM;-11;;;;;15.0;;
607d9ee6ba3a2c0021f9901e;false;;2021-04-30 03:00:00;cupomdacarolina;true;false;50;2021-04-19 03:00:00;ACTIVE;FIXED_DISCOUNT;PLATFORM;-11;;;;;15.0;;
607d9f10ba3a2c0021f99065;false;;2021-04-30 03:00:00;cupomdacarla;true;false;50;2021-04-19 03:00:00;ACTIVE;FIXED_DISCOUNT;PLATFORM;-11;;;;;15.0;;
607d9f70ba3a2c0021f99101;false;;2021-04-30 03:00:00;cupomdacassia;true;false;50;2021-04-19 03:00:00;ACTIVE;FIXED_DISCOUNT;PLATFORM;-11;;;;;15.0;;
607d9f9aba3a2c0021f99134;false;;2021-04-30 03:00:00;cupomdacecilia;true;false;50;2021-04-19 03:00:00;ACTIVE;FIXED_DISCOUNT;PLATFORM;-11;;;;;15.0;;
607d9fdcba3a2c0021f9919f;false;;2021-04-30 03:00:00;cupomdaclaudia;true;false;50;2021-04-19 03:00:00;ACTIVE;FIXED_DISCOUNT;PLATFORM;-11;;;;;15.0;;
607da03eba3a2c0021f9921a;false;;2021-04-30 03:00:00;cupomdaconceicao;true;false;50;2021-04-19 03:00:00;ACTIVE;FIXED_DISCOUNT;PLATFORM;-11;;;;;15.0;;
607da122ba3a2c0021f99591;false;;2021-04-30 03:00:00;cupomdaelaine;true;false;50;2021-04-19 03:00:00;ACTIVE;FIXED_DISCOUNT;PLATFORM;-11;;;;;15.0;;
607da161ba3a2c0021f995d4;false;;2021-05-16 03:00:00;vdb-sweett10;false;false;70;2021-04-19 03:00:00;ACTIVE;FIXED_DISCOUNT;PLATFORM;-27;;;;;30.0;;
607da20bba3a2c0021f996f5;false;;2021-04-30 03:00:00;cupomdaeliana;true;false;50;2021-04-19 03:00:00;ACTIVE;FIXED_DISCOUNT;PLATFORM;-11;;;;;15.0;;
607da2ecba3a2c0021f9990a;false;;2021-05-15 03:00:00;vdb-atelie10;true;false;70;2021-04-19 03:00:00;ACTIVE;FIXED_DISCOUNT;PLATFORM;-26;;;;;30.0;;
607dbc1aba3a2c0021f9d115;false;;2021-04-21 03:00:00;SEGUNDOUDOCE;true;false;50;2021-04-19 03:00:00;ACTIVE;FIXED_DISCOUNT;PLATFORM;-2;4;7;153.70000000000002;;;;
607dcdf3ba3a2c0021fa0e1b;false;;2021-04-30 03:00:00;segundadoce;true;false;50;2021-04-19 03:00:00;ACTIVE;FIXED_DISCOUNT;PLATFORM;-11;2;2;27.93;;;;
607eceb4de42920021364a25;false;;2021-07-31 03:00:00;cupomespecial;true;false;80;2021-04-01 03:00:00;ACTIVE;FIXED_DISCOUNT;PLATFORM;-121;4;14;523.06;;15.0;;
607ed161de429200213656aa;false;;2021-04-30 03:00:00;cupomdaeliane;true;false;50;2021-04-20 03:00:00;ACTIVE;FIXED_DISCOUNT;PLATFORM;-10;;;;;15.0;;
607ed1c1de42920021365747;false;;2021-04-30 03:00:00;cupomdaemilly;true;false;50;2021-04-20 03:00:00;ACTIVE;FIXED_DISCOUNT;PLATFORM;-10;;;;;15.0;;
607ed1fbde4292002136578a;false;;2021-04-30 03:00:00;cupomdafabia;true;false;50;2021-04-20 03:00:00;ACTIVE;FIXED_DISCOUNT;PLATFORM;-10;;;;;15.0;;
607ed229de429200213657e3;false;;2021-04-30 03:00:00;cupomdafernanda;true;false;50;2021-04-20 03:00:00;ACTIVE;FIXED_DISCOUNT;PLATFORM;-10;;;;;15.0;;
607ed26ade42920021365816;false;;2021-04-30 03:00:00;cupomdaglaucia;true;false;50;2021-04-20 03:00:00;ACTIVE;FIXED_DISCOUNT;PLATFORM;-10;;;;;15.0;;
607ed2a9de42920021365885;false;;2021-04-30 03:00:00;cupomdagraca;true;false;50;2021-04-20 03:00:00;ACTIVE;FIXED_DISCOUNT;PLATFORM;-10;;;;;15.0;;
607ed2cdde429200213658cc;false;;2021-04-30 03:00:00;cupomdairacema;true;false;50;2021-04-20 03:00:00;ACTIVE;FIXED_DISCOUNT;PLATFORM;-10;;;;;15.0;;
607ed32cde42920021365a09;false;;2021-04-30 03:00:00;cupomdairene;true;false;50;2021-04-20 03:00:00;ACTIVE;FIXED_DISCOUNT;PLATFORM;-10;;;;;15.0;;
607ed376de42920021365a58;false;;2021-04-30 03:00:00;cupomdajessica;true;false;50;2021-04-20 03:00:00;ACTIVE;FIXED_DISCOUNT;PLATFORM;-10;;;;;15.0;;
607ed39bde42920021365a6e;false;;2021-04-30 03:00:00;cupomdajoice;true;false;50;2021-04-20 03:00:00;ACTIVE;FIXED_DISCOUNT;PLATFORM;-10;;;;;15.0;;
607ed3bdde42920021365aa2;false;;2021-04-30 03:00:00;cupomdajulia;true;false;50;2021-04-20 03:00:00;ACTIVE;FIXED_DISCOUNT;PLATFORM;-10;;;;;15.0;;
607ed3ebde42920021365ae0;false;;2021-04-30 03:00:00;cupomdajuliana;true;false;50;2021-04-20 03:00:00;ACTIVE;FIXED_DISCOUNT;PLATFORM;-10;;;;;15.0;;
607ed417de42920021365b93;false;;2021-04-30 03:00:00;cupomdalarissa;true;false;50;2021-04-20 03:00:00;ACTIVE;FIXED_DISCOUNT;PLATFORM;-10;;;;;15.0;;
607ed439de42920021365bc8;false;;2021-04-30 03:00:00;cupomdalucy;true;false;50;2021-04-20 03:00:00;ACTIVE;FIXED_DISCOUNT;PLATFORM;-10;;;;;15.0;;
607ed461de42920021365bf3;false;;2021-04-30 03:00:00;cupomdaluiza;true;false;50;2021-04-20 03:00:00;ACTIVE;FIXED_DISCOUNT;PLATFORM;-10;;;;;15.0;;
607ed4adde42920021365c4a;false;;2021-04-30 03:00:00;cupomdamara;true;false;50;2021-04-20 03:00:00;ACTIVE;FIXED_DISCOUNT;PLATFORM;-10;;;;;15.0;;
607ed4fdde429200213688c0;false;;2021-04-30 03:00:00;cupomdamarcia;true;false;50;2021-04-20 03:00:00;ACTIVE;FIXED_DISCOUNT;PLATFORM;-10;;;;;15.0;;
607ed51ede42920021368908;false;;2021-04-30 03:00:00;cupomdamaria;true;false;50;2021-04-20 03:00:00;ACTIVE;FIXED_DISCOUNT;PLATFORM;-10;;;;;15.0;;
607ed57cde42920021368996;false;;2021-04-30 03:00:00;cupomdamarlene;true;false;50;2021-04-20 03:00:00;ACTIVE;FIXED_DISCOUNT;PLATFORM;-10;;;;;15.0;;
607ed5afde429200213689e1;false;;2021-04-30 03:00:00;cupomdamarta;true;false;50;2021-04-20 03:00:00;ACTIVE;FIXED_DISCOUNT;PLATFORM;-10;;;;;15.0;;
607ed5edde42920021368c4f;false;;2021-04-30 03:00:00;cupomdameira;true;false;50;2021-04-20 03:00:00;ACTIVE;FIXED_DISCOUNT;PLATFORM;-10;;;;;15.0;;
607ed60bde42920021368c75;false;;2021-04-30 03:00:00;cupomdamilla;true;false;50;2021-04-20 03:00:00;ACTIVE;FIXED_DISCOUNT;PLATFORM;-10;;;;;15.0;;
607ee58fde4292002136ceb4;false;;2021-04-30 03:00:00;CUPOMDOEDUARDO;true;false;50;2021-04-20 03:00:00;ACTIVE;FIXED_DISCOUNT;PLATFORM;-10;1;1;30.92;;15.0;;
607eea5ade4292002136db4a;false;;2021-04-30 03:00:00;cupomdoerick;true;false;50;2021-04-20 03:00:00;ACTIVE;FIXED_DISCOUNT;PLATFORM;-10;;;;;30.0;;
607eecb5de4292002136f4d5;false;;2021-04-30 03:00:00;CUPOMDOFABIANO ;true;false;50;2021-04-20 03:00:00;ACTIVE;FIXED_DISCOUNT;PLATFORM;-10;;;;;15.0;;
607eee10de4292002136f838;false;;2021-04-30 03:00:00;FEBIGATTO;true;false;50;2021-04-20 03:00:00;ACTIVE;FIXED_DISCOUNT;PLATFORM;-10;;;;;15.0;;
607eefd9de4292002136fcaf;false;;2021-04-30 03:00:00;CUPOMDOFERNANDO;true;false;50;2021-04-20 03:00:00;ACTIVE;FIXED_DISCOUNT;PLATFORM;-10;;;;;15.0;;
607ef241de4292002136feb9;false;;2021-04-30 03:00:00;CUPOMDOFRANCISCO;true;false;50;2021-04-20 03:00:00;ACTIVE;FIXED_DISCOUNT;PLATFORM;-10;;;;;15.0;;
607ef328de4292002136ff02;false;;2021-04-30 03:00:00;CUPOMDOGABRIEL;true;false;50;2021-04-20 03:00:00;ACTIVE;FIXED_DISCOUNT;PLATFORM;-10;;;;;15.0;;
607ef529de429200213702cc;false;;2021-04-30 03:00:00;CUPOMDAMIRIAN;true;false;50;2021-04-20 03:00:00;ACTIVE;FIXED_DISCOUNT;PLATFORM;-10;;;;;15.0;;
607ef573de429200213703cf;false;;2021-04-30 03:00:00;CUPOMDOMOISES;true;false;50;2021-04-20 03:00:00;ACTIVE;FIXED_DISCOUNT;PLATFORM;-10;;;;;15.0;;
607ef592de42920021370416;false;;2021-04-30 03:00:00;CUPOMDANATH;true;false;50;2021-04-20 03:00:00;ACTIVE;FIXED_DISCOUNT;PLATFORM;-10;;;;;15.0;;
607ef5ddde42920021370545;false;;2021-04-30 03:00:00;CUPOMDANATHALIA;true;false;50;2021-04-20 03:00:00;ACTIVE;FIXED_DISCOUNT;PLATFORM;-10;;;;;30.0;;
607ef602de429200213705c8;false;;2021-04-30 03:00:00;CUPOMDAPALOMA;true;false;50;2021-04-20 03:00:00;ACTIVE;FIXED_DISCOUNT;PLATFORM;-10;;;;;15.0;;
607ef621de42920021370627;false;;2021-04-30 03:00:00;CUPOMDAPAOLA;true;false;50;2021-04-20 03:00:00;ACTIVE;FIXED_DISCOUNT;PLATFORM;-10;;;;;15.0;;
607ef641de42920021370680;false;;2021-04-30 03:00:00;CUPOMDAPATRICIA;true;false;50;2021-04-20 03:00:00;ACTIVE;FIXED_DISCOUNT;PLATFORM;-10;;;;;15.0;;
607ef671de42920021370714;false;;2021-04-30 03:00:00;CUPOMDAPRISCYLLA;true;false;50;2021-04-20 03:00:00;ACTIVE;FIXED_DISCOUNT;PLATFORM;-10;;;;;30.0;;
607ef687de4292002137077e;false;;2021-04-30 03:00:00;CUPOMDAREGINA;true;false;50;2021-04-20 03:00:00;ACTIVE;FIXED_DISCOUNT;PLATFORM;-10;;;;;15.0;;
607ef6b2de429200213707fc;false;;2021-04-30 03:00:00;CUPOMDARITA;true;false;50;2021-04-20 03:00:00;ACTIVE;FIXED_DISCOUNT;PLATFORM;-10;;;;;15.0;;
607ef6c5de4292002137085c;false;;2021-04-30 03:00:00;CUPOMDAROSANE;true;false;50;2021-04-20 03:00:00;ACTIVE;FIXED_DISCOUNT;PLATFORM;-10;;;;;15.0;;
607ef6ebde429200213708f1;false;;2021-04-30 03:00:00;CUPOMDASIBELE;true;false;50;2021-04-20 03:00:00;ACTIVE;FIXED_DISCOUNT;PLATFORM;-10;;;;;15.0;;
607ef709de4292002137098c;false;;2021-04-30 03:00:00;CUPOMDASIMONI;true;false;50;2021-04-20 03:00:00;ACTIVE;FIXED_DISCOUNT;PLATFORM;-10;;;;;15.0;;
607ef727de429200213709fa;false;;2021-04-30 03:00:00;CUPOMDASUZANA;true;false;50;2021-04-20 03:00:00;ACTIVE;FIXED_DISCOUNT;PLATFORM;-10;;;;;15.0;;
607ef743de42920021370a67;false;;2021-04-30 03:00:00;CUPOMDATAINA;true;false;50;2021-04-20 03:00:00;ACTIVE;FIXED_DISCOUNT;PLATFORM;-10;;;;;15.0;;
607ef760de42920021370adb;false;;2021-04-30 03:00:00;CUPOMDATATY;true;false;50;2021-04-20 03:00:00;ACTIVE;FIXED_DISCOUNT;PLATFORM;-10;;;;;15.0;;
607ef838de42920021370d51;false;;2021-04-30 03:00:00;CUPOMDAVALERIA;true;false;50;2021-04-20 03:00:00;ACTIVE;FIXED_DISCOUNT;PLATFORM;-10;;;;;15.0;;
607ef896de42920021370e68;false;;2021-04-30 03:00:00;CUPOMDAVANIA;true;false;50;2021-04-20 03:00:00;ACTIVE;FIXED_DISCOUNT;PLATFORM;-10;;;;;15.0;;
607ef8cdde42920021370f17;false;;2021-04-30 03:00:00;CUPOMDAVILMA;true;false;50;2021-04-20 03:00:00;ACTIVE;FIXED_DISCOUNT;PLATFORM;-10;;;;;15.0;;
607ef92ede4292002137105d;false;;2021-04-30 03:00:00;CUPOMDOCARLOS;true;false;50;2021-04-20 03:00:00;ACTIVE;FIXED_DISCOUNT;PLATFORM;-10;;;;;15.0;;
607ef95dde429200213710ca;false;;2021-04-30 03:00:00;CUPOMDOFLAVIO;true;false;50;2021-04-20 03:00:00;ACTIVE;FIXED_DISCOUNT;PLATFORM;-10;;;;;15.0;;
607ef97ade4292002137110a;false;;2021-04-30 03:00:00;CUPOMDOGUSTAVO;true;false;50;2021-04-20 03:00:00;ACTIVE;FIXED_DISCOUNT;PLATFORM;-10;;;;;15.0;;
607ef990de4292002137113f;false;;2021-04-30 03:00:00;CUPOMDOITALO;true;false;50;2021-04-20 03:00:00;ACTIVE;FIXED_DISCOUNT;PLATFORM;-10;;;;;15.0;;
607ef9b0de4292002137116c;false;;2021-04-30 03:00:00;CUPOMDOJOAO;true;false;50;2021-04-20 03:00:00;ACTIVE;FIXED_DISCOUNT;PLATFORM;-10;;;;;15.0;;
607ef9cdde429200213711a0;false;;2021-04-30 03:00:00;CUPOMDOJONATHAN;true;false;50;2021-04-20 03:00:00;ACTIVE;FIXED_DISCOUNT;PLATFORM;-10;;;;;15.0;;
607ef9e4de429200213711cc;false;;2021-04-30 03:00:00;CUPOMDOLUIZ;true;false;50;2021-04-20 03:00:00;ACTIVE;FIXED_DISCOUNT;PLATFORM;-10;;;;;15.0;;
607ef9fcde429200213711e3;false;;2021-04-30 03:00:00;CUPOMDOMARCELO;true;false;50;2021-04-20 03:00:00;ACTIVE;FIXED_DISCOUNT;PLATFORM;-10;;;;;15.0;;
607efa18de42920021371200;false;;2021-04-30 03:00:00;CUPOMDORONALDO;true;false;50;2021-04-20 03:00:00;ACTIVE;FIXED_DISCOUNT;PLATFORM;-10;;;;;15.0;;
607efa30de42920021371216;false;;2021-04-30 03:00:00;CUPOMDOSERGIO;true;false;50;2021-04-20 03:00:00;ACTIVE;FIXED_DISCOUNT;PLATFORM;-10;;;;;15.0;;
607efa4dde4292002137129d;false;;2021-04-30 03:00:00;CUPOMDOVINICIUS;true;false;50;2021-04-20 03:00:00;ACTIVE;FIXED_DISCOUNT;PLATFORM;-10;;;;;15.0;;
607efa68de429200213712d3;false;;2021-04-30 03:00:00;CUPOMFE;true;false;50;2021-04-20 03:00:00;ACTIVE;FIXED_DISCOUNT;PLATFORM;-10;;;;;15.0;;
607efa89de42920021371362;false;;2021-04-30 03:00:00;CUPOMGEALVES;true;false;50;2021-04-20 03:00:00;ACTIVE;FIXED_DISCOUNT;PLATFORM;-10;;;;;15.0;;
607efaa3de42920021371399;false;;2021-04-30 03:00:00;CUPOMHAMDE;true;false;50;2021-04-20 03:00:00;ACTIVE;FIXED_DISCOUNT;PLATFORM;-10;;;;;15.0;;
607efab6de429200213714a0;false;;2021-04-30 03:00:00;CUPOMHEIDE;true;false;50;2021-04-20 03:00:00;ACTIVE;FIXED_DISCOUNT;PLATFORM;-10;;;;;15.0;;
607efadade42920021371556;false;;2021-04-30 03:00:00;CUPOMIRAILDES;true;false;50;2021-04-20 03:00:00;ACTIVE;FIXED_DISCOUNT;PLATFORM;-10;;;;;15.0;;
607efaf2de4292002137159b;false;;2021-04-30 03:00:00;CUPOMMELI;true;false;50;2021-04-20 03:00:00;ACTIVE;FIXED_DISCOUNT;PLATFORM;-10;;;;;15.0;;
607efb07de429200213715c6;false;;2021-04-30 03:00:00;CUPOMREH;true;false;50;2021-04-20 03:00:00;ACTIVE;FIXED_DISCOUNT;PLATFORM;-10;;;;;15.0;;
607efb36de42920021371638;false;;2021-04-30 03:00:00;CUPOMS3ENTRETENIMENTO;true;false;50;2021-04-20 03:00:00;ACTIVE;FIXED_DISCOUNT;PLATFORM;-10;;;;;15.0;;
607efb4bde42920021371643;false;;2021-04-30 03:00:00;CUPOMSIMEI;true;false;50;2021-04-20 03:00:00;ACTIVE;FIXED_DISCOUNT;PLATFORM;-10;;;;;15.0;;
607efb68de42920021371672;false;;2021-04-30 03:00:00;CUPOMVALDICE;true;false;50;2021-04-20 03:00:00;ACTIVE;FIXED_DISCOUNT;PLATFORM;-10;;;;;15.0;;
607efb89de42920021371693;false;;2021-04-30 03:00:00;CUPOMVERISLAYNE;true;false;50;2021-04-20 03:00:00;ACTIVE;FIXED_DISCOUNT;PLATFORM;-10;;;;;15.0;;
607efc30de4292002137176f;false;;2021-04-30 03:00:00;CUPOMDAADRIANA;true;false;50;2021-04-20 03:00:00;ACTIVE;FIXED_DISCOUNT;PLATFORM;-10;;;;;15.0;;
607f0be1de42920021374846;false;;2021-04-30 03:00:00;CUPOMDAHEIDE;true;false;50;2021-04-20 03:00:00;ACTIVE;FIXED_DISCOUNT;PLATFORM;-10;;;;;15.0;;
607f275fde42920021378ddc;false;;2021-05-31 03:00:00;SOUDETOURO;true;true;50;2021-04-20 03:00:00;ACTIVE;FIXED_DISCOUNT;PLATFORM;-41;2;3;184.39;;10.0;;
607f2ec76d74880021c67ea8;false;;2021-04-22 03:00:00;OSCAR2021;false;false;50;2021-04-20 03:00:00;ACTIVE;PERCENT_DISCOUNT;PLATFORM;-2;;;;10;;;
607f45ba6d74880021c6c27a;false;;2021-05-31 03:00:00;MOCADOCERIA-FRETE;true;false;;2021-04-21 03:00:00;ACTIVE;FIXED_DISCOUNT;PLATFORM;-40;;;;;;;
607f492c6d74880021c6c792;false;;2022-03-27 03:00:00;SEXTALOUCA;true;false;80;2021-04-20 03:00:00;ACTIVE;FIXED_DISCOUNT;PLATFORM;-341;10;22;1107.53;30;20.0;;
6081c4da467f690022286992;false;;2021-05-10 03:00:00;MAEDOCE;true;false;50;2021-04-22 03:00:00;LIMIT_REACHED;FIXED_DISCOUNT;PLATFORM;-18;36;63;1845.8700000000001;;15.0;;
6082ee8381d934002161e36e;false;;2021-05-23 03:00:00;vemdeoferta-EX;true;false;50;2021-04-23 03:00:00;ACTIVE;FIXED_DISCOUNT;PLATFORM;-30;6;9;472.09;;15.0;;
6086be0ace1e770021481294;false;;2021-05-01 03:00:00;SEMANADOFRETE;true;false;10;2021-04-26 03:00:00;ACTIVE;FIXED_DISCOUNT;PLATFORM;-5;10;20;393.27000000000004;;;;
608735cde072cc00214d633b;false;;2021-05-15 03:00:00;vdb-camis;false;false;70;2021-04-26 03:00:00;ACTIVE;FIXED_DISCOUNT;PLATFORM;-19;;;;;30.0;;
60873633e072cc00214d656f;false;;2021-05-15 03:00:00;vdb-re;false;false;70;2021-04-26 03:00:00;ACTIVE;FIXED_DISCOUNT;PLATFORM;-19;;;;;30.0;;
60873669e072cc00214d6669;false;;2021-05-15 03:00:00;vdb-tete;false;false;70;2021-04-26 03:00:00;ACTIVE;FIXED_DISCOUNT;PLATFORM;-19;;1;30.0;;30.0;;
60873718e072cc00214d6b5a;false;;2021-05-15 03:00:00;vdb-tuca;false;false;70;2021-04-26 03:00:00;ACTIVE;FIXED_DISCOUNT;PLATFORM;-19;;;;;30.0;;
608737d2e072cc00214d6d2a;false;;2021-05-15 03:00:00;vdb-docecupido;false;false;70;2021-04-26 03:00:00;ACTIVE;FIXED_DISCOUNT;PLATFORM;-19;1;1;0.0;;30.0;;
60873852e072cc00214d6dde;false;;2021-05-15 03:00:00;vdb-bakespot;false;false;70;2021-04-26 03:00:00;ACTIVE;FIXED_DISCOUNT;PLATFORM;-19;;;;;30.0;;
60873f54e072cc00214d845b;false;;2021-05-15 03:00:00;vdb-thedreamcake;false;false;70;2021-04-26 03:00:00;ACTIVE;FIXED_DISCOUNT;PLATFORM;-19;;;;;30.0;;
60873fd6e072cc00214d84f0;false;;2021-05-15 03:00:00;vdb-confeitar.isa;false;false;70;2021-04-26 03:00:00;ACTIVE;FIXED_DISCOUNT;PLATFORM;-19;;;;;30.0;;
60874028e072cc00214d8957;false;;2021-05-15 03:00:00;vdb-amortentia;false;false;70;2021-04-26 03:00:00;ACTIVE;FIXED_DISCOUNT;PLATFORM;-19;;;;;30.0;;
6087405ee072cc00214d8968;false;;2021-05-15 03:00:00;vdb-gislenecakes;false;false;70;2021-04-26 03:00:00;ACTIVE;FIXED_DISCOUNT;PLATFORM;-19;;;;;30.0;;
608740a0e072cc00214d8afe;false;;2021-05-15 03:00:00;vdb-adora;false;false;70;2021-04-26 03:00:00;ACTIVE;FIXED_DISCOUNT;PLATFORM;-19;;;;;30.0;;
608740bbe072cc00214d8b1b;false;;2021-05-15 03:00:00;vdb-gerofestas;false;false;70;2021-04-26 03:00:00;ACTIVE;FIXED_DISCOUNT;PLATFORM;-19;;;;;30.0;;
60874288e072cc00214d9208;false;;2021-05-15 03:00:00;vdb-rinaculinaria;false;false;70;2021-04-26 03:00:00;ACTIVE;FIXED_DISCOUNT;PLATFORM;-19;;;;;30.0;;
608742f6e072cc00214d932d;false;;2021-05-15 03:00:00;vdb-donakaramelo;false;false;70;2021-04-26 03:00:00;ACTIVE;FIXED_DISCOUNT;PLATFORM;-19;;;;;30.0;;
60874315e072cc00214d9381;false;;2021-05-15 03:00:00;vdb-sweeter;false;false;70;2021-04-26 03:00:00;ACTIVE;FIXED_DISCOUNT;PLATFORM;-19;;;;;30.0;;
60874331e072cc00214d93f7;false;;2021-05-15 03:00:00;vdb-pizzottigastronomia;false;false;70;2021-04-26 03:00:00;ACTIVE;FIXED_DISCOUNT;PLATFORM;-19;;;;;30.0;;
60874368e072cc00214d9514;false;;2021-05-15 03:00:00;vdb-cakevolpy;false;false;70;2021-04-26 03:00:00;ACTIVE;FIXED_DISCOUNT;PLATFORM;-19;;;;;30.0;;
6087439ce072cc00214d961a;false;;2021-05-15 03:00:00;vdb-drikauchi;false;false;70;2021-04-26 03:00:00;ACTIVE;FIXED_DISCOUNT;PLATFORM;-19;3;4;100.0;;30.0;;
6087444de072cc00214d994b;false;;2021-05-15 03:00:00;vdb-limartins;false;false;70;2021-04-26 03:00:00;ACTIVE;FIXED_DISCOUNT;PLATFORM;-19;;;;;30.0;;
60874475e072cc00214d9ab0;false;;2021-05-15 03:00:00;vdb-dannybolos;false;false;70;2021-04-26 03:00:00;ACTIVE;FIXED_DISCOUNT;PLATFORM;-19;;;;;30.0;;
608744a0e072cc00214d9b57;false;;2021-05-15 03:00:00;vdb-ateliermirucha;false;false;70;2021-04-26 03:00:00;ACTIVE;FIXED_DISCOUNT;PLATFORM;-19;;;;;30.0;;
608744c9e072cc00214d9c31;false;;2021-05-15 03:00:00;vdb-bakedbymanu;false;false;70;2021-04-26 03:00:00;ACTIVE;FIXED_DISCOUNT;PLATFORM;-19;;;;;30.0;;
608744e7e072cc00214d9ca4;false;;2021-05-15 03:00:00;vdb-chefluvieira;false;false;70;2021-04-26 03:00:00;ACTIVE;FIXED_DISCOUNT;PLATFORM;-19;;;;;30.0;;
60874503e072cc00214d9d81;false;;2021-05-15 03:00:00;vdb-cacauvanilla;false;false;70;2021-04-26 03:00:00;ACTIVE;FIXED_DISCOUNT;PLATFORM;-19;;;;;30.0;;
6087452be072cc00214d9eb9;false;;2021-05-15 03:00:00;vdb-mercadosempremais;false;false;70;2021-04-26 03:00:00;ACTIVE;FIXED_DISCOUNT;PLATFORM;-19;;;;;30.0;;
60874547e072cc00214d9f1f;false;;2021-05-15 03:00:00;vdb-cakeezi;false;false;70;2021-04-26 03:00:00;ACTIVE;FIXED_DISCOUNT;PLATFORM;-19;1;2;0.0;;30.0;;
60874563e072cc00214d9f69;false;;2021-05-15 03:00:00;vdb-caeconfeitaria;false;false;70;2021-04-26 03:00:00;ACTIVE;FIXED_DISCOUNT;PLATFORM;-19;;;;;30.0;;
6087458ce072cc00214da0a5;false;;2021-05-15 03:00:00;vdb-delíciasdafofuxa;false;false;70;2021-04-26 03:00:00;ACTIVE;FIXED_DISCOUNT;PLATFORM;-19;;;;;30.0;;
608745b0e072cc00214da3b3;false;;2021-05-15 03:00:00;vdb-natigentildoces;false;false;70;2021-04-26 03:00:00;ACTIVE;FIXED_DISCOUNT;PLATFORM;-19;;;;;30.0;;
608745d0e072cc00214da3fe;false;;2021-05-15 03:00:00;vdb-donnadivasweets;false;false;70;2021-04-26 03:00:00;ACTIVE;FIXED_DISCOUNT;PLATFORM;-19;;;;;30.0;;
608745f5e072cc00214da4bf;false;;2021-05-15 03:00:00;vdb-juliadovaldoces;false;false;70;2021-04-26 03:00:00;ACTIVE;FIXED_DISCOUNT;PLATFORM;-19;;;;;30.0;;
60874611e072cc00214da53e;false;;2021-05-15 03:00:00;vdb- rogerbakery;false;false;70;2021-04-26 03:00:00;ACTIVE;FIXED_DISCOUNT;PLATFORM;-19;;;;;30.0;;
6087462ae072cc00214da563;false;;2021-05-15 03:00:00;vdb-granumcafé;false;false;70;2021-04-26 03:00:00;ACTIVE;FIXED_DISCOUNT;PLATFORM;-19;;;;;30.0;;
60874657e072cc00214da661;false;;2021-05-15 03:00:00;vdb-recantobolosmary;false;false;70;2021-04-26 03:00:00;ACTIVE;FIXED_DISCOUNT;PLATFORM;-19;;;;;30.0;;
60874679e072cc00214da674;false;;2021-05-15 03:00:00;vdb-ciolatto;false;false;70;2021-04-26 03:00:00;ACTIVE;FIXED_DISCOUNT;PLATFORM;-19;;;;;30.0;;
60874a7ae072cc00214dad7c;false;;2021-05-15 03:00:00;vdb-atelierdagula;false;false;70;2021-04-26 03:00:00;ACTIVE;FIXED_DISCOUNT;PLATFORM;-19;;;;;30.0;;
60874aa2e072cc00214daeff;false;;2021-05-15 03:00:00;vdb-pincake;false;false;70;2021-04-26 03:00:00;ACTIVE;FIXED_DISCOUNT;PLATFORM;-19;;;;;30.0;;
60874ac0e072cc00214daf58;false;;2021-05-15 03:00:00;vdb-askukas;false;false;70;2021-04-26 03:00:00;ACTIVE;FIXED_DISCOUNT;PLATFORM;-19;;;;;30.0;;
60874ae2e072cc00214dafa3;false;;2021-05-15 03:00:00;vdb-maravilhas;false;false;70;2021-04-26 03:00:00;ACTIVE;FIXED_DISCOUNT;PLATFORM;-19;;;;;30.0;;
60874affe072cc00214dafe7;false;;2021-05-15 03:00:00;vdb-piernik;false;false;70;2021-04-26 03:00:00;ACTIVE;FIXED_DISCOUNT;PLATFORM;-19;;;;;30.0;;
60874b1ee072cc00214db020;false;;2021-05-15 03:00:00;vdb-maegeconfeitaria;false;false;70;2021-04-26 03:00:00;ACTIVE;FIXED_DISCOUNT;PLATFORM;-19;;;;;30.0;;
60874b41e072cc00214db05d;false;;2021-05-15 03:00:00;vdb-biJubadoces;false;false;70;2021-04-26 03:00:00;ACTIVE;FIXED_DISCOUNT;PLATFORM;-19;;;;;30.0;;
60874b6fe072cc00214db0e6;false;;2021-05-15 03:00:00;vdb-docesdaro;false;false;70;2021-04-26 03:00:00;ACTIVE;FIXED_DISCOUNT;PLATFORM;-19;;;;;30.0;;
60874b97e072cc00214db161;false;;2021-05-15 03:00:00;vdb-deliciasdakety;false;false;70;2021-04-26 03:00:00;ACTIVE;FIXED_DISCOUNT;PLATFORM;-19;;;;;30.0;;
60874bb1e072cc00214db199;false;;2021-05-15 03:00:00;vdb-martinsconfeitaria;false;false;70;2021-04-26 03:00:00;ACTIVE;FIXED_DISCOUNT;PLATFORM;-19;;;;;30.0;;
60874c0be072cc00214db295;false;;2021-05-15 03:00:00;vdb-deliciasdavovo;false;false;70;2021-04-26 03:00:00;ACTIVE;FIXED_DISCOUNT;PLATFORM;-19;;;;;30.0;;
60874c34e072cc00214db36e;false;;2021-05-15 03:00:00;vdb-vanillaporellen;false;false;70;2021-04-26 03:00:00;ACTIVE;FIXED_DISCOUNT;PLATFORM;-19;;;;;30.0;;
60874c57e072cc00214db48c;false;;2021-05-15 03:00:00;vdb-notadoce;false;false;70;2021-04-26 03:00:00;ACTIVE;FIXED_DISCOUNT;PLATFORM;-19;;;;;30.0;;
60874c78e072cc00214db4ef;false;;2021-05-15 03:00:00;vdb-casaathenas;false;false;70;2021-04-26 03:00:00;ACTIVE;FIXED_DISCOUNT;PLATFORM;-19;;;;;30.0;;
60874c95e072cc00214db524;false;;2021-05-15 03:00:00;vdb-tartarellicakes;false;false;70;2021-04-26 03:00:00;ACTIVE;FIXED_DISCOUNT;PLATFORM;-19;;;;;30.0;;
60874cc6e072cc00214db5bb;false;;2021-05-15 03:00:00;vdb-jukcake;false;false;70;2021-04-26 03:00:00;ACTIVE;FIXED_DISCOUNT;PLATFORM;-19;;;;;30.0;;
60874ce4e072cc00214db646;false;;2021-05-15 03:00:00;vdb-littlesweet;false;false;70;2021-04-26 03:00:00;ACTIVE;FIXED_DISCOUNT;PLATFORM;-19;;;;;30.0;;
60874d01e072cc00214db652;false;;2021-05-15 03:00:00;vdb-liorconfeitaria;false;false;70;2021-04-26 03:00:00;ACTIVE;FIXED_DISCOUNT;PLATFORM;-19;;;;;30.0;;
60874d1be072cc00214db68d;false;;2021-05-15 03:00:00;vdb-chocolait;false;false;70;2021-04-26 03:00:00;ACTIVE;FIXED_DISCOUNT;PLATFORM;-19;;;;;30.0;;
60874d49e072cc00214db6fa;false;;2021-05-15 03:00:00;vdb-caroliciasconfeitaria;false;false;70;2021-04-26 03:00:00;ACTIVE;FIXED_DISCOUNT;PLATFORM;-19;;;;;30.0;;
60874d78e072cc00214db751;false;;2021-05-15 03:00:00;vdb-bolovoalzira ;false;false;70;2021-04-26 03:00:00;ACTIVE;FIXED_DISCOUNT;PLATFORM;-19;;;;;30.0;;
60874d99e072cc00214db804;false;;2021-05-15 03:00:00;vdb-ohanabolos;false;false;70;2021-04-26 03:00:00;ACTIVE;FIXED_DISCOUNT;PLATFORM;-19;;;;;30.0;;
60874dc2e072cc00214db9e9;false;;2021-05-15 03:00:00;vdb-deliciasnopote;false;false;70;2021-04-26 03:00:00;ACTIVE;FIXED_DISCOUNT;PLATFORM;-19;;;;;30.0;;
60874e02e072cc00214dbd06;false;;2021-05-15 03:00:00;vdb-jeconfeitaria;false;false;70;2021-04-26 03:00:00;ACTIVE;FIXED_DISCOUNT;PLATFORM;-19;;;;;30.0;;
60874e22e072cc00214dbe15;false;;2021-05-15 03:00:00;vdb-cherrylove;false;false;70;2021-04-26 03:00:00;ACTIVE;FIXED_DISCOUNT;PLATFORM;-19;;;;;30.0;;
60874e43e072cc00214dbe82;false;;2021-05-15 03:00:00;vdb-sweetmaker;false;false;70;2021-04-26 03:00:00;ACTIVE;FIXED_DISCOUNT;PLATFORM;-19;;;;;30.0;;
60874e66e072cc00214dbed7;false;;2021-05-15 03:00:00;vdb-amantissimo;false;false;70;2021-04-26 03:00:00;ACTIVE;FIXED_DISCOUNT;PLATFORM;-19;;;;;30.0;;
60874e82e072cc00214dbee7;false;;2021-05-15 03:00:00;vdb-bolosbelinha;false;false;70;2021-04-26 03:00:00;ACTIVE;FIXED_DISCOUNT;PLATFORM;-19;;;;;30.0;;
60874ea6e072cc00214dbf28;false;;2021-05-15 03:00:00;vdb-qumbedoces;false;false;70;2021-04-26 03:00:00;ACTIVE;FIXED_DISCOUNT;PLATFORM;-19;;;;;30.0;;
60874ec6e072cc00214dbfdd;false;;2021-05-15 03:00:00;vdb-natycakes ;false;false;70;2021-04-26 03:00:00;ACTIVE;FIXED_DISCOUNT;PLATFORM;-19;;;;;30.0;;
60874eebe072cc00214dc082;false;;2021-05-15 03:00:00;vdb-deliciasdalili;false;false;70;2021-04-26 03:00:00;ACTIVE;FIXED_DISCOUNT;PLATFORM;-19;;;;;30.0;;
60874f0be072cc00214dc09a;false;;2021-05-15 03:00:00;vdb-comidavegana;false;false;70;2021-04-26 03:00:00;ACTIVE;FIXED_DISCOUNT;PLATFORM;-19;;;;;30.0;;
60874f38e072cc00214dc0ab;false;;2021-05-15 03:00:00;vdb-dolcelola;false;false;70;2021-04-26 03:00:00;ACTIVE;FIXED_DISCOUNT;PLATFORM;-19;;;;;30.0;;
60874f74e072cc00214dc1c0;false;;2021-05-15 03:00:00;vdb-ateliertalitarizato;false;false;70;2021-04-26 03:00:00;ACTIVE;FIXED_DISCOUNT;PLATFORM;-19;;;;;30.0;;
60874f99e072cc00214dc236;false;;2021-05-15 03:00:00;vdb-docescarolpillon;false;false;70;2021-04-26 03:00:00;ACTIVE;FIXED_DISCOUNT;PLATFORM;-19;;;;;30.0;;
60874fb5e072cc00214dc2b4;false;;2021-05-15 03:00:00;vdb-veganpoint;false;false;70;2021-04-26 03:00:00;ACTIVE;FIXED_DISCOUNT;PLATFORM;-19;;;;;30.0;;
60874fd9e072cc00214dc32b;false;;2021-05-15 03:00:00;vdb-lespetitscupcakes;false;false;70;2021-04-26 03:00:00;ACTIVE;FIXED_DISCOUNT;PLATFORM;-19;;;;;30.0;;
60875000e072cc00214dc380;false;;2021-05-15 03:00:00;vdb-petbrooklin;false;false;70;2021-04-26 03:00:00;ACTIVE;FIXED_DISCOUNT;PLATFORM;-19;;;;;30.0;;
6087501fe072cc00214dc3a1;false;;2021-05-15 03:00:00;vdb-boradebrownie;false;false;70;2021-04-26 03:00:00;ACTIVE;FIXED_DISCOUNT;PLATFORM;-19;;;;;30.0;;
60875042e072cc00214dc3bc;false;;2021-05-15 03:00:00;vdb-cristalazul;false;false;70;2021-04-26 03:00:00;ACTIVE;FIXED_DISCOUNT;PLATFORM;-19;;;;;30.0;;
60875078e072cc00214dc3da;false;;2021-05-15 03:00:00;vdb-lellascakes;false;false;70;2021-04-26 03:00:00;ACTIVE;FIXED_DISCOUNT;PLATFORM;-19;;;;;30.0;;
608750a9e072cc00214dc4e4;false;;2021-05-15 03:00:00;vdb-hoerners;false;false;70;2021-04-26 03:00:00;ACTIVE;FIXED_DISCOUNT;PLATFORM;-19;;;;;30.0;;
608750c9e072cc00214dc557;false;;2021-05-15 03:00:00;vdb-silvinhasdoces;false;false;70;2021-04-26 03:00:00;ACTIVE;FIXED_DISCOUNT;PLATFORM;-19;;;;;30.0;;
608750e8e072cc00214dc5c3;false;;2021-05-15 03:00:00;vdb-chocolatedeouro;false;false;70;2021-04-26 03:00:00;ACTIVE;FIXED_DISCOUNT;PLATFORM;-19;;;;;30.0;;
6087510be072cc00214dc670;false;;2021-05-15 03:00:00;vdb-ferreirareimão;false;false;70;2021-04-26 03:00:00;ACTIVE;FIXED_DISCOUNT;PLATFORM;-19;;;;;30.0;;
6087512de072cc00214dc7e0;false;;2021-05-15 03:00:00;vdb-ebrig;false;false;70;2021-04-26 03:00:00;ACTIVE;FIXED_DISCOUNT;PLATFORM;-19;13;18;400.0;;30.0;;
60875150e072cc00214dc821;false;;2021-05-15 03:00:00;vdb-bananaurbana;false;false;70;2021-04-26 03:00:00;ACTIVE;FIXED_DISCOUNT;PLATFORM;-19;;;;;30.0;;
6087e3a52aeb8a0021a1e592;false;;2021-04-28 03:00:00;zap40;false;false;50;2021-04-27 03:00:00;ACTIVE;PERCENT_DISCOUNT;PLATFORM;-1;19;52;3465.73;40;;;
60885f462aeb8a0021a3f8ad;false;199;2022-04-27 03:00:00;valecompra-sa01;false;false;;2021-04-27 03:00:00;ACTIVE;FIXED_DISCOUNT;PLATFORM;-365;;1;199.0;;199.0;1;1
608861912aeb8a0021a406ee;false;;2021-04-29 03:00:00;sms40;false;false;80;2021-04-28 03:00:00;ACTIVE;FIXED_DISCOUNT;PLATFORM;-1;8;18;720.0;;40.0;;
608868af2aeb8a0021a41773;false;69;2022-04-27 03:00:00;valecompra-sd01;false;false;;2021-04-27 03:00:00;ACTIVE;FIXED_DISCOUNT;PLATFORM;-365;;1;69.0;;69.0;1;1
60886c212aeb8a0021a44c04;false;69;2022-04-27 03:00:00;valecompra-sd02;false;false;;2021-04-27 03:00:00;ACTIVE;FIXED_DISCOUNT;PLATFORM;-365;;;;;69.0;1;1
608960f72edde70021b09fdd;false;;2021-04-30 03:00:00;cupomdobrunoneves;true;false;50;2021-04-28 03:00:00;ACTIVE;PERCENT_DISCOUNT;PLATFORM;-2;1;1;96.63;40;;;
608964722edde70021b0a948;false;;2021-04-30 03:00:00;cupomdaglaucia01;true;false;50;2021-04-28 03:00:00;ACTIVE;FIXED_DISCOUNT;PLATFORM;-2;;;;;15.0;;
6089677a2edde70021b0b8ec;false;;2021-04-30 03:00:00;cupomdacris;true;false;50;2021-04-28 03:00:00;ACTIVE;FIXED_DISCOUNT;PLATFORM;-2;1;1;0.0;;15.0;;
608969e82edde70021b0c7b4;false;;2021-04-30 03:00:00;cupomdamariajose;true;false;50;2021-04-28 03:00:00;ACTIVE;FIXED_DISCOUNT;PLATFORM;-2;;;;;15.0;;
6089783d2edde70021b0f816;false;;2021-05-15 03:00:00;vdb-concettualecake;false;false;70;2021-04-28 03:00:00;ACTIVE;FIXED_DISCOUNT;PLATFORM;-17;;;;;30.0;;
60898b9a2edde70021b14966;false;;2021-04-30 03:00:00;SOGRADOCE;true;false;50;2021-04-28 03:00:00;ACTIVE;PERCENT_DISCOUNT;PLATFORM;-2;2;11;496.93999999999994;20;;;
60899aa42edde70021b1929f;false;;2021-04-30 03:00:00;cupomdaodete ;true;false;50;2021-04-28 03:00:00;ACTIVE;FIXED_DISCOUNT;PLATFORM;-2;;;;;15.0;;
6089a1e12edde70021b20ea1;false;;2021-04-30 03:00:00;cupomdofrancisco01;true;false;50;2021-04-28 03:00:00;ACTIVE;PERCENT_DISCOUNT;PLATFORM;-2;;;;40;;;
6089a4692edde70021b218f3;false;;2021-04-30 03:00:00;cupomdodanielthales;true;false;50;2021-04-28 03:00:00;ACTIVE;PERCENT_DISCOUNT;PLATFORM;-2;;;;40;;;
6089b8112edde70021b28276;false;;2021-04-30 03:00:00;cupomdapatriciasantos;true;false;50;2021-04-28 03:00:00;ACTIVE;FIXED_DISCOUNT;PLATFORM;-2;;;;;15.0;;
6089ba7d2edde70021b28c00;false;;2021-04-30 03:00:00;cupomdasandrasilva;true;false;50;2021-04-28 03:00:00;ACTIVE;FIXED_DISCOUNT;PLATFORM;-2;;;;;15.0;;
6089c1b22edde70021b2b968;false;;2021-04-30 03:00:00;cupomdasarich;true;false;50;2021-04-28 03:00:00;ACTIVE;FIXED_DISCOUNT;PLATFORM;-2;;;;;15.0;;
6089c9ff2edde70021b2e318;false;;2021-04-30 03:00:00;clinicaveterinaria;true;false;50;2021-04-28 03:00:00;ACTIVE;FIXED_DISCOUNT;PLATFORM;-2;;;;;15.0;;
6089cfd32edde70021b3035f;false;129;2022-04-28 03:00:00;valecompra-rg01;false;false;;2021-04-28 03:00:00;ACTIVE;FIXED_DISCOUNT;PLATFORM;-365;;;;;129.0;1;1
608ab0d482095f00216eae74;false;;2021-04-30 03:00:00;carolalves;true;false;50;2021-04-29 03:00:00;ACTIVE;FIXED_DISCOUNT;PLATFORM;-1;;;;;15.0;;
608abcfd82095f00216ecd2c;false;;2021-04-30 03:00:00;sms30;true;false;100;2021-04-29 03:00:00;ACTIVE;FIXED_DISCOUNT;PLATFORM;-1;;3;63.79;;10.0;;
608ac36382095f00216edfe1;false;;2021-04-30 03:00:00;smsquintou;false;false;60;2021-04-29 03:00:00;ACTIVE;FIXED_DISCOUNT;PLATFORM;-1;4;6;180.0;;30.0;;
608af51c82095f00216fccfb;false;;2021-04-30 03:00:00;cupomdalime;true;false;50;2021-04-29 03:00:00;ACTIVE;FIXED_DISCOUNT;PLATFORM;-1;;;;;15.0;;
608af7aa82095f00216fda10;false;;2021-05-15 03:00:00;vdb-rbs;false;false;70;2021-04-29 03:00:00;ACTIVE;FIXED_DISCOUNT;PLATFORM;-16;;;;;30.0;;
608aff9382095f00216ff8ad;false;;2021-04-30 03:00:00;cupomdoklais;true;false;50;2021-04-29 03:00:00;ACTIVE;FIXED_DISCOUNT;PLATFORM;-1;;;;;15.0;;
608b0ab582095f0021702974;false;;;100ANOSVDB;true;false;;2021-04-29 03:00:00;ACTIVE;PERCENT_DISCOUNT;PLATFORM;;;;;15;;;10000
608b126982095f0021705409;false;;2021-04-30 03:00:00;cupomdocarloshenrique;true;false;50;2021-04-29 03:00:00;ACTIVE;FIXED_DISCOUNT;PLATFORM;-1;;;;;15.0;;
608b1e6f82095f00217077fe;false;;2021-05-30 03:00:00;cupomdaroseli01;true;false;50;2021-04-30 03:00:00;ACTIVE;FIXED_DISCOUNT;PLATFORM;-30;;1;31.37;;15.0;;
608b250782095f002170a0ca;false;;2021-04-30 03:00:00;cupomdaturquoise;true;false;50;2021-04-29 03:00:00;ACTIVE;FIXED_DISCOUNT;PLATFORM;-1;;;;;15.0;;
608bfbece8cdce0021ac79e1;false;;2021-04-30 03:00:00;cupomdaheloisa01;true;false;50;2021-04-30 03:00:00;ACTIVE;FIXED_DISCOUNT;PLATFORM;0;;;;;15.0;;
608bfdc6e8cdce0021ac8023;false;;2021-04-30 03:00:00;cupomdamariaangelica;true;false;50;2021-04-30 03:00:00;ACTIVE;FIXED_DISCOUNT;PLATFORM;0;;;;;15.0;;
608c0ce3e8cdce0021acab5a;false;;2021-04-30 03:00:00;geisatavares;true;false;50;2021-04-30 03:00:00;ACTIVE;FIXED_DISCOUNT;PLATFORM;0;;;;;15.0;;
608c1ff0e8cdce0021ad07dd;false;;2021-05-31 03:00:00;VDB-MAR-30;false;false;80;2021-04-30 03:00:00;ACTIVE;FIXED_DISCOUNT;PLATFORM;-31;1;4;120.0;;30.0;;
608c4073e8cdce0021ad4bfc;false;;2021-05-02 03:00:00;vdbsaudades05;false;false;70;2021-04-30 03:00:00;ACTIVE;PERCENT_DISCOUNT;PLATFORM;-2;4;13;545.12;40;;;
608c4665e8cdce0021ad5de1;false;;2021-05-30 03:00:00;CUPOMDAFABI;true;false;50;2021-04-30 03:00:00;ACTIVE;FIXED_DISCOUNT;PLATFORM;-30;;;;;15.0;;
608c490ce8cdce0021ad6c17;false;;2021-05-31 03:00:00;CUPOMDAFABIDUARTE;true;false;50;2021-04-30 03:00:00;ACTIVE;FIXED_DISCOUNT;PLATFORM;-31;;;;;15.0;;
608c6340e8cdce0021adcbab;false;;;CUPOM-REIGNITE;false;false;;2021-04-30 03:00:00;ACTIVE;FIXED_DISCOUNT;PLATFORM;;1;2;50.730000000000004;;20.0;;
608c71cbe8cdce0021ae27a2;false;199;2022-04-30 03:00:00;valecompra-rp01;false;false;;2021-04-30 03:00:00;ACTIVE;FIXED_DISCOUNT;PLATFORM;-365;;1;199.0;;199.0;1;1
608ff17fe220cf0021d88eb3;false;69;2022-06-03 03:00:00;valecompra-ku01;false;false;;2021-05-03 03:00:00;ACTIVE;FIXED_DISCOUNT;PLATFORM;-396;;;;;69.0;1;1
609067b8e220cf0021da5a6b;false;;2021-05-29 03:00:00;cupomdomarco;true;false;50;2021-05-03 03:00:00;ACTIVE;FIXED_DISCOUNT;PLATFORM;-26;;;;;15.0;;
60917b70ab1779002126979c;false;;2021-05-15 03:00:00;vdb-ateliermiss;false;false;70;2021-04-29 03:00:00;ACTIVE;FIXED_DISCOUNT;PLATFORM;-16;;;;;30.0;;
60917c12ab1779002126993d;false;;2021-05-15 03:00:00;vdb-titi;false;false;70;2021-04-29 03:00:00;ACTIVE;FIXED_DISCOUNT;PLATFORM;-16;;;;;30.0;;
6091967bab17790021270fd0;false;;;maevdb;true;false;20;;ACTIVE;PERCENT_DISCOUNT;PLATFORM;;;;;10;;;
6092982504aa8f00215c0673;false;;2021-09-16 03:00:00;cupomdogabriel01;true;false;70;2021-05-05 03:00:00;ACTIVE;PERCENT_DISCOUNT;PLATFORM;-134;1;1;102.51;40;;;
609299d404aa8f00215c0937;false;;2021-05-09 03:00:00;mariajose;true;false;50;2021-05-05 03:00:00;ACTIVE;FIXED_DISCOUNT;PLATFORM;-4;;;;;15.0;;
6092d6dd04aa8f00215d0f04;false;;2021-05-31 03:00:00;vdbatendimento ;true;false;50;2021-05-05 03:00:00;ACTIVE;FIXED_DISCOUNT;PLATFORM;-26;;;;;15.0;;
6093003304aa8f00215dea8c;false;;2021-05-10 03:00:00;MAE15;true;false;80;2021-05-05 03:00:00;ACTIVE;FIXED_DISCOUNT;PLATFORM;-5;;2;15.0;;15.0;;
60942cb1f10a41002115cc6a;false;;;vemdekit;false;true;;2021-05-06 03:00:00;ACTIVE;FIXED_DISCOUNT;PLATFORM;;;;;;15.0;;
60952f6a1930370021e62a4c;false;;2021-05-10 03:00:00;vdb40-EX;false;false;90;2021-05-07 03:00:00;ACTIVE;FIXED_DISCOUNT;PLATFORM;-3;5;10;360.0;;40.0;;
6095595a1930370021e73afb;false;;2021-05-11 03:00:00;vdbmae40;false;false;90;2021-05-07 03:00:00;ACTIVE;FIXED_DISCOUNT;PLATFORM;-4;3;13;480.0;;40.0;;
60999d68402cb8002120516b;false;;2021-05-16 03:00:00;vdb15;false;false;50;2021-05-10 03:00:00;ACTIVE;PERCENT_DISCOUNT;PLATFORM;-6;25;44;477.36;15;;;
609a8ee498e30f0022144091;false;;2021-05-12 03:00:00;quero30;false;false;100;2021-05-11 03:00:00;ACTIVE;FIXED_DISCOUNT;PLATFORM;-1;;;;;30.0;;
609acbc398e30f0022150c0a;false;;2021-05-16 03:00:00;vdb-sweet10;false;false;70;2021-05-11 03:00:00;ACTIVE;FIXED_DISCOUNT;PLATFORM;-5;1;1;30.0;;30.0;;
609d399ab5b8940021775d14;false;;2021-05-19 03:00:00;felipearantes;true;false;50;2021-05-13 03:00:00;ACTIVE;FIXED_DISCOUNT;PLATFORM;-6;1;1;30.91;;15.0;;
609e845c4e2c41002113792d;false;;2021-05-17 03:00:00;frio-vdb;true;false;;2021-05-14 03:00:00;ACTIVE;FIXED_DISCOUNT;PLATFORM;-3;1;4;48.32;;;;
609e92014e2c41002113d613;false;;2021-05-16 03:00:00;dom-vdb;false;false;200;2021-05-15 03:00:00;ACTIVE;FIXED_DISCOUNT;PLATFORM;-1;;;;;100.0;;
60a25fd16c973600211b141b;false;69;2022-05-17 03:00:00;valecompra-fc01;false;false;;2021-05-17 03:00:00;ACTIVE;FIXED_DISCOUNT;PLATFORM;-365;;1;69.0;;69.0;1;1
60a2990e6c973600211b94d8;false;;2021-05-21 03:00:00;segunda15;false;false;;2021-05-17 03:00:00;ACTIVE;PERCENT_DISCOUNT;PLATFORM;-4;4;6;116.38999999999999;15;;;
60a2c75b6c973600211c25e3;false;;2021-05-19 03:00:00;orgulho;true;false;;2021-05-17 03:00:00;ACTIVE;PERCENT_DISCOUNT;PLATFORM;-2;7;14;502.38;17;;;
60a2e3206c973600211c722e;false;;2021-06-13 03:00:00;promo15-EX;false;false;30;2021-05-17 03:00:00;ACTIVE;PERCENT_DISCOUNT;PLATFORM;-27;4;9;56.81;15;;;
60a2e3b16c973600211c7319;false;;2021-06-13 03:00:00;promo20-EX;false;false;60;2021-05-17 03:00:00;ACTIVE;PERCENT_DISCOUNT;PLATFORM;-27;;3;50.980000000000004;20;;;
60a2e4266c973600211c7468;false;;2021-06-13 03:00:00;promo25-EX;false;false;90;2021-05-17 03:00:00;ACTIVE;PERCENT_DISCOUNT;PLATFORM;-27;;2;53.25;25;;;
60a2e4a56c973600211c74f9;false;;2021-06-13 03:00:00;promo30-EX;false;false;120;2021-05-17 03:00:00;ACTIVE;PERCENT_DISCOUNT;PLATFORM;-27;4;6;339.3;30;;;
60a50c6782e20200213038c1;false;;2021-05-24 03:00:00;sexta25;false;false;75;2021-05-21 03:00:00;ACTIVE;PERCENT_DISCOUNT;PLATFORM;-3;2;5;105.75;25;;;
60a6453782e202002132a8e5;false;;2021-05-21 03:00:00;quintou;true;false;50;2021-05-20 03:00:00;LIMIT_REACHED;FIXED_DISCOUNT;PLATFORM;-1;2;5;206.88;;15.0;;
60a66ec43351a8002120a6ea;false;;2021-05-23 03:00:00;cupomdayardena;false;false;200;2021-05-20 03:00:00;ACTIVE;FIXED_DISCOUNT;PLATFORM;-3;1;1;100.0;;100.0;;
60a7e260c6b49f00214a67ee;false;;2021-05-23 03:00:00;sexta30-EX;true;false;90;2021-05-21 03:00:00;ACTIVE;PERCENT_DISCOUNT;PLATFORM;-2;1;13;1132.9399999999998;30;;;
60abb5837bc0a200215fa422;false;;2021-05-25 03:00:00;segundou;true;false;90;2021-05-24 03:00:00;ACTIVE;FIXED_DISCOUNT;PLATFORM;-1;1;4;183.4;;30.0;;
60abbc9e7bc0a200215fc93a;false;;2021-06-07 03:00:00;cupomespecial30;false;false;90;2021-05-24 03:00:00;ACTIVE;PERCENT_DISCOUNT;PLATFORM;-14;1;2;76.47;30;30.0;;
60abd80e898cd10021d22d56;false;;2021-05-28 03:00:00;crush20;false;false;;2021-05-24 03:00:00;ACTIVE;PERCENT_DISCOUNT;PLATFORM;-4;;8;136.51;20;;;
60ac0247898cd10021d31681;false;69;2022-05-24 03:00:00;valecompra-es01;false;false;;2021-05-24 03:00:00;ACTIVE;FIXED_DISCOUNT;PLATFORM;-365;;1;69.0;;69.0;1;1
60acf122898cd10021d49ad6;false;;2021-06-14 03:00:00;vdbespecial;true;false;90;2021-05-25 03:00:00;ACTIVE;FIXED_DISCOUNT;PLATFORM;-20;;4;164.26;;30.0;;
60ad0f6da5746d00215cd4d8;false;;2021-05-26 03:00:00;frete25;true;false;50;2021-05-25 03:00:00;ACTIVE;FIXED_DISCOUNT;PLATFORM;-1;;1;29.060000000000002;;;;
60ad22b4a5746d00215d09bb;false;;2021-12-30 03:00:00;BLOGVDB;true;false;150;2021-05-25 03:00:00;ACTIVE;FIXED_DISCOUNT;PLATFORM;-219;;;;;30.0;;
60ad51dba5746d00215db7f2;false;;;COMPRE-MOCA;false;false;80;;ACTIVE;FIXED_DISCOUNT;PLATFORM;;;;;;10.0;;
60aeafd6bd51fe00210158e7;false;;2021-06-22 03:00:00;SOUDEGEMEOS;false;false;;2021-05-26 03:00:00;ACTIVE;PERCENT_DISCOUNT;PLATFORM;-27;1;1;11.49;10;;;
60af8a9dbd51fe002102a8f2;false;;2021-06-30 03:00:00;vdbgross;true;false;80;2021-05-27 03:00:00;ACTIVE;FIXED_DISCOUNT;PLATFORM;-34;1;2;91.61;;30.0;;
60af8ac8bd51fe002102aa0c;false;;2021-05-31 03:00:00;vdbrocha;true;false;80;2021-05-27 03:00:00;ACTIVE;FIXED_DISCOUNT;PLATFORM;-4;;;;;30.0;;
60af8aeabd51fe002102aa50;false;;2021-05-31 03:00:00;vdbpaixao;true;false;80;2021-05-27 03:00:00;ACTIVE;FIXED_DISCOUNT;PLATFORM;-4;;;;;30.0;;
60af8b08bd51fe002102aa81;false;;2021-05-31 03:00:00;vdbduarte;true;false;80;2021-05-27 03:00:00;ACTIVE;FIXED_DISCOUNT;PLATFORM;-4;;;;;30.0;;
60af8b33bd51fe002102aaed;false;;2021-05-31 03:00:00;vdbbossoni;true;false;80;2021-05-27 03:00:00;ACTIVE;FIXED_DISCOUNT;PLATFORM;-4;;;;;30.0;;
60af8b9cbd51fe002102ac8f;false;;2021-05-31 03:00:00;vdbmalulei;true;false;80;2021-05-27 03:00:00;ACTIVE;FIXED_DISCOUNT;PLATFORM;-4;;;;;30.0;;
60af8bdbbd51fe002102ace6;false;;2021-05-31 03:00:00;vdbgothard;true;false;80;2021-05-27 03:00:00;ACTIVE;FIXED_DISCOUNT;PLATFORM;-4;;;;;30.0;;
60af8d04bd51fe002102b278;false;;2021-05-31 03:00:00;vdbfarias;true;false;80;2021-05-27 03:00:00;ACTIVE;FIXED_DISCOUNT;PLATFORM;-4;;;;;30.0;;
60af95fbbd51fe002102c7ba;false;;2021-06-04 03:00:00;VDB-BUSCA-5;false;false;95;;ACTIVE;FIXED_DISCOUNT;PLATFORM;;;1;40.0;;40.0;;
60aff26405f73d0021fb41ca;false;;2021-05-31 03:00:00;vdbperini ;true;false;80;2021-05-27 03:00:00;ACTIVE;FIXED_DISCOUNT;PLATFORM;-4;;;;;30.0;;
60b0e637b84752002142f4c7;false;;2021-05-31 03:00:00;sexta40;false;false;90;2021-05-28 03:00:00;ACTIVE;FIXED_DISCOUNT;PLATFORM;-3;4;8;280.0;;40.0;;
60b0f387b847520021432c8f;false;;2021-05-31 03:00:00;VDB40FDS;true;false;120;2021-05-28 03:00:00;ACTIVE;FIXED_DISCOUNT;PLATFORM;-3;2;6;411.83000000000004;;40.0;;
60b3f57dfe7e920021b62f60;false;;2021-06-01 03:00:00;vem40-EX;true;false;120;2021-05-30 03:00:00;ACTIVE;FIXED_DISCOUNT;PLATFORM;-2;3;6;341.55;;40.0;;
60b50d84e1dac5002180d134;false;;2021-06-01 03:00:00;corre30;true;false;120;2021-05-31 03:00:00;ACTIVE;PERCENT_DISCOUNT;PLATFORM;-1;2;2;138.82;30;;;
60b63a97281d60002103ac9c;false;;2021-06-30 03:00:00;cupomespecialjunho;true;false;80;2021-06-01 03:00:00;ACTIVE;FIXED_DISCOUNT;PLATFORM;-29;;;;;15.0;;
60b64d31281d60002103ea97;false;;2021-06-30 03:00:00;cupomvalido10;false;false;;2021-06-01 03:00:00;ACTIVE;PERCENT_DISCOUNT;PLATFORM;-29;;;;10;;;
60b64d76281d60002103eb29;false;;2021-06-30 03:00:00;pegadesconto10;false;false;;2021-06-01 03:00:00;ACTIVE;PERCENT_DISCOUNT;PLATFORM;-29;;;;10;;;
60b64d87281d60002103ec6f;false;;2021-06-30 03:00:00;cuponation10;false;false;;2021-06-01 03:00:00;ACTIVE;PERCENT_DISCOUNT;PLATFORM;-29;;;;10;;;
60b64db7281d60002103ec84;false;;2021-06-30 03:00:00;picody10;false;false;;2021-06-01 03:00:00;ACTIVE;PERCENT_DISCOUNT;PLATFORM;-29;;;;10;;;
60b64dcd281d60002103ec99;false;;2021-06-30 03:00:00;agoracupom10;false;false;;2021-06-01 03:00:00;ACTIVE;PERCENT_DISCOUNT;PLATFORM;-29;;;;10;;;
60b64de5281d60002103ece1;false;;2021-06-30 03:00:00;radarcupom10;false;false;;2021-06-01 03:00:00;ACTIVE;PERCENT_DISCOUNT;PLATFORM;-29;;;;10;;;
60b64e03281d60002103edea;false;;2021-06-30 03:00:00;savoo10;false;false;;2021-06-01 03:00:00;ACTIVE;PERCENT_DISCOUNT;PLATFORM;-29;;;;10;;;
60b64e1d281d60002103f025;false;;2021-06-30 03:00:00;thiago10;false;false;;2021-06-01 03:00:00;ACTIVE;PERCENT_DISCOUNT;PLATFORM;-29;;;;10;;;
60b64e33281d60002103f04e;false;;2021-06-30 03:00:00;meliuz10;false;false;;2021-06-01 03:00:00;ACTIVE;PERCENT_DISCOUNT;PLATFORM;-29;;;;10;;;
60b64e48281d60002103f054;false;;2021-06-30 03:00:00;ocupom10;false;false;;2021-06-01 03:00:00;ACTIVE;PERCENT_DISCOUNT;PLATFORM;-29;;;;10;;;
60b64e60281d60002103f069;false;;2021-06-30 03:00:00;1001cupons10;false;false;;2021-06-01 03:00:00;ACTIVE;PERCENT_DISCOUNT;PLATFORM;-29;8;10;96.34;10;;;
60b64ea2281d60002103f09e;false;;2021-06-30 03:00:00;cuponomia10;false;false;;2021-06-01 03:00:00;ACTIVE;PERCENT_DISCOUNT;PLATFORM;-29;;;;10;;;
60b6a074281d60002104e3fa;false;69;2022-06-01 03:00:00;valecompra-mp01;false;false;;2021-06-01 03:00:00;ACTIVE;FIXED_DISCOUNT;PLATFORM;-365;1;1;69.0;;69.0;1;1
60b77740281d600021063051;false;;2021-06-25 03:00:00;CORRE25;false;false;90;2021-06-02 03:00:00;ACTIVE;PERCENT_DISCOUNT;PLATFORM;-23;4;8;266.94;25;;;
60b8e567f477010021567fc7;false;;2021-06-07 03:00:00;sextalove;false;false;90;2021-06-03 03:00:00;ACTIVE;PERCENT_DISCOUNT;PLATFORM;-4;3;3;72.50999999999999;30;;;
60ba2ca5b0dd910021da7b77;false;;2021-06-30 03:00:00;cupomespecialjunho30;true;false;90;2021-06-04 03:00:00;ACTIVE;FIXED_DISCOUNT;PLATFORM;-26;;;;;15.0;;
60bfbbed4646f70021f1fb58;false;;2021-06-30 03:00:00;VEMDELOVE;true;false;90;2021-06-08 03:00:00;ACTIVE;PERCENT_DISCOUNT;PLATFORM;-22;19;41;1350.8;15;15.0;;
60bfce624646f70021f233c6;false;199;2022-06-08 03:00:00;valecompra-mx01;false;false;;2021-06-08 03:00:00;ACTIVE;FIXED_DISCOUNT;PLATFORM;-365;1;1;199.0;;199.0;1;1
60c13848186b570021ed1dd1;false;199;2022-06-09 03:00:00;valecompra-as01;false;false;;2021-06-09 03:00:00;ACTIVE;FIXED_DISCOUNT;PLATFORM;-365;;;;;199.0;1;1
60c224cfaf7bb300218111db;false;;2021-06-14 03:00:00;VEMDEMATCH;true;false;120;2021-06-10 03:00:00;ACTIVE;PERCENT_DISCOUNT;PLATFORM;-4;;2;168.92000000000002;25;30.0;;
60c2676aaf7bb300218264ac;false;69;2022-06-10 03:00:00;valecompra-rpi01;false;false;;2021-06-10 03:00:00;ACTIVE;FIXED_DISCOUNT;PLATFORM;-365;;;;;69.0;1;1
60c35ce652f4f30021f5bfdf;false;1000;;vendas-digitais-maio;true;false;80;2021-06-11 03:00:00;ACTIVE;FIXED_DISCOUNT;PLATFORM;;;1;62.86;;15.0;;
60c360cc52f4f30021f5cbbe;false;;2021-06-14 03:00:00;bolinho35;false;false;60;2021-06-11 03:00:00;ACTIVE;FIXED_DISCOUNT;PLATFORM;-3;;;;;35.0;;
60c3b1a652f4f30021f6f850;false;;2021-06-13 03:00:00;30SMSVDB;true;false;90;2021-06-11 03:00:00;ACTIVE;FIXED_DISCOUNT;PLATFORM;-2;;;;;30.0;;
60c773757e86fe00218e348f;false;;2021-06-30 03:00:00;vemdearraia;true;false;50;2021-06-14 03:00:00;ACTIVE;FIXED_DISCOUNT;PLATFORM;-16;16;30;570.03;;;;
60c8f8e69d03e000217a73b5;false;;2021-06-30 03:00:00;arraiavdb;true;false;90;2021-06-15 03:00:00;ACTIVE;PERCENT_DISCOUNT;PLATFORM;-15;;3;162.67999999999998;15;;;
60c9eaa36ada0000211b5518;false;;2021-06-18 03:00:00;quartou;true;false;90;2021-06-16 03:00:00;ACTIVE;PERCENT_DISCOUNT;PLATFORM;-2;;;;15;;;
60cca22344240d0022d6c61c;false;;2021-06-30 03:00:00;SUPERARRAIA;true;false;50;2021-06-18 03:00:00;ACTIVE;FIXED_DISCOUNT;PLATFORM;-12;1;3;36.129999999999995;;;;
60ccd7ca44240d0022d778a3;false;;2021-06-20 03:00:00;valequentao;false;false;90;2021-06-18 03:00:00;ACTIVE;PERCENT_DISCOUNT;PLATFORM;-2;;;;20;;;
60ccd7f244240d0022d779ce;false;;2021-06-20 03:00:00;valearrozdoce;false;false;120;2021-06-18 03:00:00;ACTIVE;PERCENT_DISCOUNT;PLATFORM;-2;;;;25;;;
60ccd82744240d0022d77a27;false;;2021-06-20 03:00:00;valemilhoverde;false;false;150;2021-06-18 03:00:00;ACTIVE;PERCENT_DISCOUNT;PLATFORM;-2;;;;30;;;
60d0bebfecfbde0021837831;false;;2021-06-25 03:00:00;invernovdb;true;false;90;2021-06-21 03:00:00;ACTIVE;PERCENT_DISCOUNT;PLATFORM;-4;2;6;230.01;15;;;
60d0c521ecfbde00218396a5;false;;2021-07-30 03:00:00;arraiadamaege;true;false;90;2021-06-21 03:00:00;ACTIVE;PERCENT_DISCOUNT;PLATFORM;-39;;;;15;;;
60d0ca01ecfbde002183a798;false;;2021-07-30 03:00:00;arraiadagislene;true;false;90;2021-06-21 03:00:00;ACTIVE;PERCENT_DISCOUNT;PLATFORM;-39;;;;15;;;
60d0ca19ecfbde002183a91c;false;;2021-07-30 03:00:00;arraiadaconfeitarisa;true;false;90;2021-06-21 03:00:00;ACTIVE;PERCENT_DISCOUNT;PLATFORM;-39;;;;15;;;
60d0ca37ecfbde002183a931;false;;2021-07-30 03:00:00;arraiadaadora;true;false;90;2021-06-21 03:00:00;ACTIVE;PERCENT_DISCOUNT;PLATFORM;-39;;;;15;;;
60d0ca55ecfbde002183a95e;false;;2021-07-31 03:00:00;arraiadacakeria;true;false;90;2021-06-21 03:00:00;ACTIVE;PERCENT_DISCOUNT;PLATFORM;-40;;;;15;;;
60d0ca6cecfbde002183a963;false;;2021-07-31 03:00:00;arraiadabelinha;true;false;90;2021-06-21 03:00:00;ACTIVE;PERCENT_DISCOUNT;PLATFORM;-40;;;;15;;;
60d0ca84ecfbde002183a974;false;;2021-07-31 03:00:00;arraiadajeh;true;false;90;2021-06-21 03:00:00;ACTIVE;PERCENT_DISCOUNT;PLATFORM;-40;;;;15;;;
60d0ca9decfbde002183a99a;false;;2021-07-31 03:00:00;arraiadasil;true;false;90;2021-06-21 03:00:00;ACTIVE;PERCENT_DISCOUNT;PLATFORM;-40;;;;15;;;
60d0cab6ecfbde002183aa01;false;;2021-07-31 03:00:00;arraiadare;true;false;90;2021-06-21 03:00:00;ACTIVE;PERCENT_DISCOUNT;PLATFORM;-40;;;;15;;;
60d0cacbecfbde002183aa7e;false;;2021-07-31 03:00:00;arraiadasweet;true;false;90;2021-06-21 03:00:00;ACTIVE;PERCENT_DISCOUNT;PLATFORM;-40;1;2;54.36;15;;;
60d0cae6ecfbde002183aa9a;false;;2021-07-31 03:00:00;arraiadoatelie;true;false;90;2021-06-21 03:00:00;ACTIVE;PERCENT_DISCOUNT;PLATFORM;-40;;;;15;;;
60d0cafeecfbde002183aad2;false;;2021-07-31 03:00:00;arraiadacakeezi;true;false;90;2021-06-21 03:00:00;ACTIVE;PERCENT_DISCOUNT;PLATFORM;-40;;;;15;;;
60d0cb15ecfbde002183aad9;false;;2021-07-31 03:00:00;arraiadolules;true;false;90;2021-06-21 03:00:00;ACTIVE;PERCENT_DISCOUNT;PLATFORM;-40;;;;15;;;
60d0cb2aecfbde002183ab0d;false;;2021-07-31 03:00:00;arraiadadrika;true;false;90;2021-06-21 03:00:00;ACTIVE;PERCENT_DISCOUNT;PLATFORM;-40;;;;15;;;
60d0cb3fecfbde002183ab3c;false;;2021-07-31 03:00:00;arraiadarina;true;false;90;2021-06-21 03:00:00;ACTIVE;PERCENT_DISCOUNT;PLATFORM;-40;;;;15;;;
60d0cb56ecfbde002183ab8d;false;;2021-07-31 03:00:00;arraiadaebrig;true;false;90;2021-06-21 03:00:00;ACTIVE;PERCENT_DISCOUNT;PLATFORM;-40;;;;15;;;
60d0cb6fecfbde002183abce;false;;2021-07-31 03:00:00;arraiadacake;true;false;90;2021-06-21 03:00:00;ACTIVE;PERCENT_DISCOUNT;PLATFORM;-40;;;;15;;;
60d0e890ecfbde00218408a0;false;;2021-07-31 03:00:00;allsetarraia;true;false;80;2021-06-21 03:00:00;ACTIVE;PERCENT_DISCOUNT;PLATFORM;-40;;1;78.21;20;;;
60d0ec48ecfbde00218411a8;false;;2021-07-31 03:00:00;arraiadaamores;true;false;90;2021-06-21 03:00:00;ACTIVE;PERCENT_DISCOUNT;PLATFORM;-40;;;;15;;;
60d0ec61ecfbde00218411b7;false;;2021-07-31 03:00:00;arraiadarbs;true;false;90;2021-06-21 03:00:00;ACTIVE;PERCENT_DISCOUNT;PLATFORM;-40;;;;15;;;
60d0ec7eecfbde00218411ee;false;;2021-07-31 03:00:00;arraiadabakespot;true;false;90;2021-06-21 03:00:00;ACTIVE;PERCENT_DISCOUNT;PLATFORM;-40;;;;15;;;
60d0ec99ecfbde002184121b;false;;2021-07-31 03:00:00;arraiadalatelier;true;false;90;2021-06-21 03:00:00;ACTIVE;PERCENT_DISCOUNT;PLATFORM;-40;;;;15;;;
60d207fc11d9470021929c43;false;;2021-07-31 03:00:00;SOUDECANCER;false;false;;2021-06-22 03:00:00;ACTIVE;PERCENT_DISCOUNT;PLATFORM;-39;;;;10;;;
60d20cfe11d947002192b237;false;;2021-06-25 03:00:00;CORREVDB;false;false;110;2021-06-22 03:00:00;ACTIVE;PERCENT_DISCOUNT;PLATFORM;-3;;;;25;;;
60d34c614062db0021392ec6;false;;2021-06-30 03:00:00;correiovdb;false;false;90;2021-06-23 03:00:00;ACTIVE;PERCENT_DISCOUNT;PLATFORM;-7;3;8;302.27;30;;;
60d34cbc4062db00213931da;false;69;2022-06-23 03:00:00;valecompra-li01;false;false;;2021-06-23 03:00:00;ACTIVE;FIXED_DISCOUNT;PLATFORM;-365;;;;;69.0;1;1
60d4eda9361ee50021d6d8f6;false;;2021-07-30 03:00:00;VEMDE20;false;false;90;2021-06-24 03:00:00;ACTIVE;PERCENT_DISCOUNT;PLATFORM;-36;2;4;41.980000000000004;20;;;
60d5c3129787d80021c32b5d;false;;2021-06-27 03:00:00;SEXTOU30;false;false;100;2021-06-25 03:00:00;ACTIVE;PERCENT_DISCOUNT;PLATFORM;-2;1;9;309.84000000000003;30;;;
60d9d28cb51b0f0021e1150f;false;;2021-06-30 03:00:00;orgulhovdb;true;false;100;2021-06-28 03:00:00;ACTIVE;PERCENT_DISCOUNT;PLATFORM;-2;1;6;391.55999999999995;28;;;
60db14b150750a0021a97b83;false;129;2022-06-29 03:00:00;valecompra-fm01;false;false;;2021-06-29 03:00:00;ACTIVE;FIXED_DISCOUNT;PLATFORM;-365;;1;129.0;;129.0;1;1
60dc61739a97310021f33bbe;false;;2021-07-31 03:00:00;VEMDECHOCOLATE;true;false;60;2021-07-05 03:00:00;ACTIVE;FIXED_DISCOUNT;PLATFORM;-26;5;19;443.53999999999996;;;;
60dc630d9a97310021f33e3d;false;;2021-12-31 03:00:00;SAUDADES30;true;false;99;2021-07-01 03:00:00;ACTIVE;PERCENT_DISCOUNT;PLATFORM;-183;5;10;722.4300000000001;30;;;
60dc634f9a97310021f33ee8;false;;2021-07-31 03:00:00;OFERTA15;true;false;90;2021-07-01 03:00:00;ACTIVE;PERCENT_DISCOUNT;PLATFORM;-30;17;44;1786.8300000000004;15;;;
60dc66149a97310021f3461a;false;;2021-07-31 03:00:00;FRETE14;true;false;50;2021-07-01 03:00:00;ACTIVE;FIXED_DISCOUNT;PLATFORM;-30;;;;;;;
60dc667e9a97310021f346d3;false;;2021-07-31 03:00:00;DIADOHOMEM;true;false;110;2021-07-01 03:00:00;ACTIVE;PERCENT_DISCOUNT;PLATFORM;-30;;2;68.48;20;;;
60dc66a89a97310021f346fc;false;;2021-07-31 03:00:00;SMSCHOCOLATE;true;false;60;2021-07-01 03:00:00;ACTIVE;FIXED_DISCOUNT;PLATFORM;-30;;;;;;;
60dc66ff9a97310021f347c6;false;;2021-07-31 03:00:00;SMSMACHO;true;false;110;2021-07-01 03:00:00;ACTIVE;PERCENT_DISCOUNT;PLATFORM;-30;1;6;358.64000000000004;20;;;
60dc67429a97310021f347fd;false;;2021-12-31 03:00:00;SAUDADES15;true;false;50;2021-07-01 03:00:00;ACTIVE;PERCENT_DISCOUNT;PLATFORM;-183;9;16;482.7099999999999;15;;;
60dc681f9a97310021f34b09;false;;2021-07-31 03:00:00;VEMDEOFERTA;true;false;100;2021-07-01 03:00:00;ACTIVE;PERCENT_DISCOUNT;PLATFORM;-30;7;13;476.98;15;;;
60dc71c19a97310021f37482;false;;2021-12-31 03:00:00;PROMO15;true;false;90;2021-07-01 03:00:00;ACTIVE;PERCENT_DISCOUNT;PLATFORM;-183;;2;109.38;15;;;
60dc71dc9a97310021f374f5;false;;2021-12-31 03:00:00;PROMO20;true;false;100;2021-07-01 03:00:00;ACTIVE;PERCENT_DISCOUNT;PLATFORM;-183;1;3;159.89;20;;;
60dc71fa9a97310021f37534;false;;2021-12-31 03:00:00;PROMO25;true;false;120;2021-07-01 03:00:00;ACTIVE;PERCENT_DISCOUNT;PLATFORM;-183;;1;59.33;25;;;
60dc721a9a97310021f37573;false;;2021-12-31 03:00:00;PROMO30;true;false;150;2021-07-01 03:00:00;ACTIVE;PERCENT_DISCOUNT;PLATFORM;-183;;4;443.90999999999997;30;;;
60dc723a9a97310021f37580;false;;2021-12-31 03:00:00;PROMO40;true;false;180;2021-07-01 03:00:00;ACTIVE;PERCENT_DISCOUNT;PLATFORM;-183;3;22;4436.44;40;;;
60dc73929a97310021f37a5b;false;;2021-12-31 03:00:00;VEMCOMEMORAR;true;false;90;2021-07-01 03:00:00;ACTIVE;PERCENT_DISCOUNT;PLATFORM;-183;2;7;305.65;20;;;
60dc73ea9a97310021f37b95;false;;2021-12-31 03:00:00;SAUDADES40;true;false;150;2021-07-01 03:00:00;ACTIVE;PERCENT_DISCOUNT;PLATFORM;-183;4;20;2812.960000000001;40;;;
60dc741c9a97310021f37bc2;false;;2021-07-31 03:00:00;SMSOFERTA;true;false;10;2021-07-01 03:00:00;ACTIVE;PERCENT_DISCOUNT;PLATFORM;-30;;;;15;;;
60dc74399a97310021f37bc5;false;;2021-07-31 03:00:00;AVOSVDB;true;false;50;2021-07-01 03:00:00;ACTIVE;FIXED_DISCOUNT;PLATFORM;-30;9;11;279.31;;;;
60dc74539a97310021f37bd0;false;;2021-07-31 03:00:00;SMSDOSAVOS;true;false;50;2021-07-01 03:00:00;ACTIVE;PERCENT_DISCOUNT;PLATFORM;-30;1;3;117.53999999999999;15;;;
60dc747d9a97310021f37bee;false;;2021-07-31 03:00:00;VEMDEFRIO;true;false;90;2021-07-01 03:00:00;ACTIVE;PERCENT_DISCOUNT;PLATFORM;-30;2;5;172.23000000000002;15;;;
60dc7e24794617002183ddee;false;;2021-07-30 03:00:00;QUARTAVDB;true;false;90;2021-06-30 03:00:00;ACTIVE;PERCENT_DISCOUNT;PLATFORM;-30;6;16;1050.24;30;;;
60dc9084794617002183ffbb;false;;2021-07-30 03:00:00;QUINTAVDB;true;false;90;2021-06-30 03:00:00;ACTIVE;PERCENT_DISCOUNT;PLATFORM;-30;;;;30;;;
60ddfab5adb87a0021a7a6aa;false;;2021-07-31 03:00:00;ofertadamaege;true;false;50;2021-07-01 03:00:00;ACTIVE;FIXED_DISCOUNT;PLATFORM;-30;;;;;;;
60ddfad0adb87a0021a7a6c5;false;;2021-07-31 03:00:00;ofertadagislene;true;false;50;2021-07-01 03:00:00;ACTIVE;FIXED_DISCOUNT;PLATFORM;-30;;;;;;;
60ddfae5adb87a0021a7a6de;false;;2021-07-31 03:00:00;ofertadaconfeitarisa;true;false;50;2021-07-01 03:00:00;ACTIVE;FIXED_DISCOUNT;PLATFORM;-30;;;;;;;
60ddfafbadb87a0021a7a6f9;false;;2021-07-31 03:00:00;ofertadaadora;true;false;50;2021-07-01 03:00:00;ACTIVE;FIXED_DISCOUNT;PLATFORM;-30;;;;;;;
60ddfb12adb87a0021a7a710;false;;2021-07-31 03:00:00;ofertadacakeria;true;false;50;2021-07-01 03:00:00;ACTIVE;FIXED_DISCOUNT;PLATFORM;-30;;;;;;;
60ddfb3eadb87a0021a7a735;false;;2021-07-31 03:00:00;ofertadabelinha;true;false;50;2021-07-01 03:00:00;ACTIVE;FIXED_DISCOUNT;PLATFORM;-30;;;;;;;
60ddfb55adb87a0021a7a746;false;;2021-07-31 03:00:00;ofertadajeh;true;false;50;2021-07-01 03:00:00;ACTIVE;FIXED_DISCOUNT;PLATFORM;-30;;;;;;;
60ddfb86adb87a0021a7a79a;false;;2021-07-31 03:00:00;ofertadasil;true;false;50;2021-07-01 03:00:00;ACTIVE;FIXED_DISCOUNT;PLATFORM;-30;;;;;;;
60ddfb9badb87a0021a7a7c2;false;;2021-07-31 03:00:00;ofertadare;true;false;50;2021-07-01 03:00:00;ACTIVE;FIXED_DISCOUNT;PLATFORM;-30;;;;;;;
60ddfbb3adb87a0021a7a7fe;false;;2021-07-31 03:00:00;ofertadasweet;true;false;50;2021-07-01 03:00:00;ACTIVE;FIXED_DISCOUNT;PLATFORM;-30;;;;;;;
60ddfbedadb87a0021a7a837;false;;2021-07-31 03:00:00;ofertadoatelie;true;false;50;2021-07-01 03:00:00;ACTIVE;FIXED_DISCOUNT;PLATFORM;-30;;;;;;;
60ddfc0dadb87a0021a7a850;false;;2021-07-31 03:00:00;ofertadacakeezi;true;false;50;2021-07-01 03:00:00;ACTIVE;FIXED_DISCOUNT;PLATFORM;-30;;;;;;;
60ddfc31adb87a0021a7a89d;false;;2021-07-31 03:00:00;ofertadolules;true;false;50;2021-07-01 03:00:00;ACTIVE;FIXED_DISCOUNT;PLATFORM;-30;;;;;;;
60ddfc48adb87a0021a7a8ae;false;;2021-07-31 03:00:00;ofertadadrika;true;false;50;2021-07-01 03:00:00;ACTIVE;FIXED_DISCOUNT;PLATFORM;-30;;;;;;;
60ddfc5dadb87a0021a7a8c1;false;;2021-07-31 03:00:00;ofertadarina;true;false;50;2021-07-01 03:00:00;ACTIVE;FIXED_DISCOUNT;PLATFORM;-30;;;;;;;
60ddfc73adb87a0021a7a8cc;false;;2021-07-31 03:00:00;ofertadaebrig;true;false;50;2021-07-01 03:00:00;ACTIVE;FIXED_DISCOUNT;PLATFORM;-30;;;;;;;
60ddfc89adb87a0021a7a8d5;false;;2021-07-31 03:00:00;ofertadacake;true;false;50;2021-07-01 03:00:00;ACTIVE;FIXED_DISCOUNT;PLATFORM;-30;;;;;;;
60ddfcbfadb87a0021a7a8f2;false;;2021-07-31 03:00:00;ofertadaamores;true;false;50;2021-07-01 03:00:00;ACTIVE;FIXED_DISCOUNT;PLATFORM;-30;;;;;;;
60ddfcf6adb87a0021a7a937;false;;2021-07-31 03:00:00;ofertadarbs;true;false;50;2021-07-01 03:00:00;ACTIVE;FIXED_DISCOUNT;PLATFORM;-30;;;;;;;
60ddfd0fadb87a0021a7a952;false;;2021-07-31 03:00:00;ofertadaBakespot;true;false;50;2021-07-01 03:00:00;ACTIVE;FIXED_DISCOUNT;PLATFORM;-30;;;;;;;
60ddfd1fadb87a0021a7a95f;false;;2021-07-31 03:00:00;ofertadalatelier;true;false;50;2021-07-01 03:00:00;ACTIVE;FIXED_DISCOUNT;PLATFORM;-30;;;;;;;
60ddfd33adb87a0021a7a96e;false;;2021-07-31 03:00:00;ofertadaluana;true;false;50;2021-07-01 03:00:00;ACTIVE;FIXED_DISCOUNT;PLATFORM;-30;1;1;18.0;;;;
60df0e4fa16b390021b1e39a;false;;2021-07-31 03:00:00;ofertadebrownie;true;false;50;2021-07-01 03:00:00;ACTIVE;FIXED_DISCOUNT;PLATFORM;-30;;;;;;;
60df0ef0a16b390021b1e60f;false;;2021-07-31 03:00:00;ofertadaadore;true;false;50;2021-07-01 03:00:00;ACTIVE;FIXED_DISCOUNT;PLATFORM;-30;;;;;;;
60e36a26ddc81800212e07d4;false;;2021-12-31 03:00:00;CARRINHO30;false;false;100;2021-07-05 03:00:00;ACTIVE;PERCENT_DISCOUNT;PLATFORM;-179;2;3;68.1;30;;;
60e38a05ddc81800212e5bb7;false;;2021-12-31 03:00:00;vemdefrete-ex2;true;false;10;2021-07-05 03:00:00;ACTIVE;FIXED_DISCOUNT;PLATFORM;-179;;7;221.03;;;;
60e6eff2167c480021e2efc6;false;69;2022-08-08 03:00:00;valecompra-fic01;false;false;;2021-07-08 03:00:00;ACTIVE;FIXED_DISCOUNT;PLATFORM;-396;;1;69.0;;69.0;1;1
60f1772d8ef4ff0021c14cc8;false;;2021-07-18 03:00:00;SEXTA30;true;false;90;2021-07-16 03:00:00;ACTIVE;PERCENT_DISCOUNT;PLATFORM;-2;2;5;263.06;30;;;
60f1e86aae930e00216dc572;false;;2021-07-30 03:00:00;ofertadaamortentia;true;false;50;2021-07-16 03:00:00;ACTIVE;FIXED_DISCOUNT;PLATFORM;-14;;;;;;;
60f1ecc6ae930e00216dd0a1;false;;2021-07-30 03:00:00;ofertadacacau;true;false;50;2021-07-16 03:00:00;ACTIVE;FIXED_DISCOUNT;PLATFORM;-14;;;;;;;
60f1ee2cae930e00216dd89e;false;;2021-07-30 03:00:00;ofertadafofuxa;true;false;50;2021-07-16 03:00:00;ACTIVE;FIXED_DISCOUNT;PLATFORM;-14;;;;;;;
60f1ef45ae930e00216ddc27;false;;2021-07-30 03:00:00;ofertadaskukas;true;false;50;2021-07-16 03:00:00;ACTIVE;FIXED_DISCOUNT;PLATFORM;-14;;;;;;;
60f57181799b310021a74b64;false;;2021-07-31 03:00:00;ofertadomartins;true;false;50;2021-07-19 03:00:00;ACTIVE;FIXED_DISCOUNT;PLATFORM;-12;;;;;;;
60f572af799b310021a74ea5;false;;2021-07-31 03:00:00;ofertadalittle;true;false;50;2021-07-19 03:00:00;ACTIVE;FIXED_DISCOUNT;PLATFORM;-12;;;;;;;
60f5844f76d90d00217dfaa3;false;;2021-07-30 03:00:00;ofertadopizzotti;true;false;50;2021-07-19 03:00:00;ACTIVE;FIXED_DISCOUNT;PLATFORM;-11;;;;;;;
60f584dd76d90d00217dfbba;false;;2021-07-31 03:00:00;ofertadalola;true;false;50;2021-07-19 03:00:00;ACTIVE;FIXED_DISCOUNT;PLATFORM;-12;;;;;50.0;;
60f5b6eb76d90d00217eb348;false;;2021-07-31 03:00:00;AMIGOVDB;true;false;100;2021-07-19 03:00:00;ACTIVE;PERCENT_DISCOUNT;PLATFORM;-12;4;14;793.1300000000001;25;;;
60f5d0ff76d90d00217eeb38;false;;2022-07-19 03:00:00;cupomdaalice;true;false;90;2021-07-19 03:00:00;ACTIVE;PERCENT_DISCOUNT;PLATFORM;-365;;;;15;;;
60f890de4684290021e44729;false;;;SOUDELEAO;true;false;30;;ACTIVE;PERCENT_DISCOUNT;PLATFORM;;2;3;80.3;10;;;
60f9cde3987a08002130f7eb;false;;2021-07-31 03:00:00;GABRIELA40;true;false;80;2021-07-22 03:00:00;ACTIVE;PERCENT_DISCOUNT;PLATFORM;-9;;;;40;;;
60fecc545e82430021be0fd1;false;;2021-08-31 03:00:00;HELOISA-VDB;true;false;30;2021-07-26 03:00:00;ACTIVE;FIXED_DISCOUNT;PLATFORM;-36;;;;;;;
60ff27f8b491570021cc3e28;false;;2021-08-08 03:00:00;PAISVDB;true;false;90;2021-07-26 03:00:00;ACTIVE;PERCENT_DISCOUNT;PLATFORM;-13;15;28;710.55;15;;;
61000927b491570021ce9de1;false;;2021-08-09 03:00:00;PAI25;true;false;120;2021-07-27 03:00:00;ACTIVE;PERCENT_DISCOUNT;PLATFORM;-13;3;10;713.02;25;;;
6100107db491570021ceb6ca;false;;2021-08-09 03:00:00;PAI30;true;false;150;2021-07-27 03:00:00;ACTIVE;PERCENT_DISCOUNT;PLATFORM;-13;1;3;432.85;30;;;
610011bfb491570021cebeaa;false;;2021-08-09 03:00:00;DIADOSPAIS;true;false;150;2021-07-27 03:00:00;ACTIVE;FIXED_DISCOUNT;PLATFORM;-13;5;12;815.26;30;50.0;;
61005da368061c002194ecb0;false;;2021-08-31 03:00:00;MIRIAM15;true;false;80;2021-07-27 03:00:00;ACTIVE;PERCENT_DISCOUNT;PLATFORM;-35;;;;15;;;
6103063adb5a790021955675;false;;2021-08-29 03:00:00;Teste15;true;false;;2021-07-29 03:00:00;ACTIVE;PERCENT_DISCOUNT;PLATFORM;-31;;;;15;;;
61030a73db5a7900219568d0;false;;2021-08-29 03:00:00;#FretegratisIvone;true;false;30;;ACTIVE;FIXED_DISCOUNT;PLATFORM;;;;;;;1;
61043a54eff8910021bfa2f3;false;;2023-07-31 03:00:00;GoIntegro20;true;false;100;2021-07-30 03:00:00;ACTIVE;PERCENT_DISCOUNT;PLATFORM;-731;1;1;22.47;20;;;
610957f32410c5002116d8a0;false;;2021-12-31 03:00:00;CASAVDB2;true;false;80;2021-08-03 03:00:00;ACTIVE;PERCENT_DISCOUNT;PLATFORM;-150;;;;15;;;
610ad2bff968950021fcb79a;false;;2021-10-05 03:00:00;DESCMARI20;true;false;80;2021-08-04 03:00:00;ACTIVE;PERCENT_DISCOUNT;PLATFORM;-62;;;;20;;1;
610c4dacfe9be600211c2d7e;false;;2021-08-12 03:00:00;ESPECIALCRIS;true;false;69;2021-08-04 03:00:00;ACTIVE;PERCENT_DISCOUNT;PLATFORM;-8;1;1;0.0;5;;1;
610ea66319224c00212ec8a1;false;;2021-11-07 03:00:00;DESCROBERTA40;true;false;80;2021-08-07 03:00:00;ACTIVE;PERCENT_DISCOUNT;PLATFORM;-92;;;;40;;1;
61114158482db800214ee6e6;false;;2021-09-30 03:00:00;VEM20;false;false;90;2021-08-09 03:00:00;ACTIVE;PERCENT_DISCOUNT;PLATFORM;-52;1;4;88.54;20;;;
6111416d482db800214ee705;false;;2021-09-30 03:00:00;VEM30;false;false;150;2021-08-09 03:00:00;ACTIVE;PERCENT_DISCOUNT;PLATFORM;-52;;;;30;;;
611141da482db800214ee836;false;;2021-09-30 03:00:00;VEM40;false;false;220;2021-08-09 03:00:00;ACTIVE;PERCENT_DISCOUNT;PLATFORM;-52;;;;40;;;
61114217482db800214ee883;false;;2021-12-31 03:00:00;VDB20;true;false;90;2021-08-09 03:00:00;ACTIVE;FIXED_DISCOUNT;PLATFORM;-144;12;28;1131.9800000000002;;20.0;;
6111422a482db800214ee8c0;false;;2021-09-30 03:00:00;VDB40;true;false;150;2021-08-09 03:00:00;LIMIT_REACHED;FIXED_DISCOUNT;PLATFORM;-52;6;15;891.48;;40.0;;
6111423d482db800214ee8f9;false;;2021-09-30 03:00:00;VDB60;true;false;220;2021-08-09 03:00:00;LIMIT_REACHED;FIXED_DISCOUNT;PLATFORM;-52;2;5;442.98;;60.0;;
611143fb482db800214efb61;false;;2021-12-31 03:00:00;BEMVINDO20;true;false;60;2021-08-09 03:00:00;ACTIVE;FIXED_DISCOUNT;PLATFORM;-144;;1;20.0;;20.0;;
6113e896ee234800210c34f2;false;;2021-11-11 03:00:00;DESCBETTINA40;true;false;80;2021-08-10 03:00:00;ACTIVE;PERCENT_DISCOUNT;PLATFORM;-93;;;;40;;1;
61152384ee234800210e96e7;false;;2021-08-31 03:00:00;KITSVDB;true;false;120;2021-08-12 03:00:00;LIMIT_REACHED;PERCENT_DISCOUNT;PLATFORM;-19;6;17;1051.2200000000003;25;;;
61152acbee234800210eb4ad;false;;2021-12-31 03:00:00;SUPERCUPOM;false;false;120;2021-08-12 03:00:00;ACTIVE;FIXED_DISCOUNT;PLATFORM;-141;3;7;180.0;;30.0;;
61153ad69e7d8600211bbee0;false;;2021-10-12 03:00:00;DESCANA20;true;false;80;2021-08-11 03:00:00;ACTIVE;PERCENT_DISCOUNT;PLATFORM;-62;;;;20;;1;
61157b879e7d8600211d86a4;false;;2021-12-31 03:00:00;BEMVINDOVDB;false;false;50;2021-08-12 03:00:00;ACTIVE;FIXED_DISCOUNT;PLATFORM;-141;10;10;165.0;;15.0;;
6115925d9e7d8600211e005b;false;;2021-12-31 03:00:00;NEWSVDB;true;false;90;2021-08-12 03:00:00;ACTIVE;PERCENT_DISCOUNT;PLATFORM;-141;7;18;955.4899999999999;20;;;
61169c06bee4c00021104650;false;;2021-09-30 03:00:00;VDBVIP;false;false;60;2021-08-13 03:00:00;LIMIT_REACHED;FIXED_DISCOUNT;PLATFORM;-48;1;3;66.0;;22.0;;
61169c20bee4c0002110487d;false;;2021-09-30 03:00:00;VDBVIP2;true;false;90;2021-08-13 03:00:00;ACTIVE;PERCENT_DISCOUNT;PLATFORM;-48;1;2;130.09;15;;;
61169c36bee4c00021104a01;false;;2021-09-30 03:00:00;VDBVIP3;true;false;50;2021-08-13 03:00:00;LIMIT_REACHED;FIXED_DISCOUNT;PLATFORM;-48;;;;;;;
61169c52bee4c00021104a30;false;;2021-09-30 03:00:00;VDBVIP4;false;false;90;2021-08-13 03:00:00;ACTIVE;FIXED_DISCOUNT;PLATFORM;-48;;1;30.0;;30.0;;
61169c72bee4c00021104c51;false;;2021-09-30 03:00:00;VDBVIP5;true;false;60;2021-08-13 03:00:00;ACTIVE;FIXED_DISCOUNT;PLATFORM;-48;;;;;15.0;;
61169c93bee4c00021104e3a;false;;2021-09-30 03:00:00;VDBVIP6;false;false;220;2021-08-13 03:00:00;ACTIVE;PERCENT_DISCOUNT;PLATFORM;-48;;;;40;;;
61169caebee4c00021104f80;false;;2021-09-30 03:00:00;VDBVIP7;false;false;60;2021-08-13 03:00:00;ACTIVE;FIXED_DISCOUNT;PLATFORM;-48;;;;;22.0;;
61169cc7bee4c000211050ec;false;;2021-09-30 03:00:00;VDBVIP8;true;false;90;2021-08-13 03:00:00;ACTIVE;PERCENT_DISCOUNT;PLATFORM;-48;;;;15;;;
61169ce2bee4c0002110512a;false;;2021-09-30 03:00:00;VDBVIP9;true;false;50;2021-08-13 03:00:00;ACTIVE;FIXED_DISCOUNT;PLATFORM;-48;;;;;;;
61169cfebee4c0002110516a;false;;2021-09-30 03:00:00;VDBVIP10;false;false;90;2021-08-13 03:00:00;ACTIVE;FIXED_DISCOUNT;PLATFORM;-48;;;;;30.0;;
6116c369bee4c00021110cc0;false;;2021-12-31 03:00:00;BORA20;true;false;90;2021-08-13 03:00:00;ACTIVE;PERCENT_DISCOUNT;PLATFORM;-140;;;;20;;;
6116c385bee4c00021110cf7;false;;2021-12-31 03:00:00;piernik20;true;false;90;2021-08-13 03:00:00;ACTIVE;PERCENT_DISCOUNT;PLATFORM;-140;;;;20;;;
611aa1d5d5558e0021085426;false;;2021-08-31 03:00:00;MOCAVDB;false;false;90;2021-08-16 03:00:00;ACTIVE;PERCENT_DISCOUNT;PLATFORM;-15;;;;20;;;
611bb54e8a5c5c0022e5e749;false;;2021-12-31 03:00:00;15CASAVDB;false;false;;2021-08-17 03:00:00;ACTIVE;PERCENT_DISCOUNT;PLATFORM;-136;;1;14.25;15;;;
611bc8438a5c5c0022e6208d;false;;2021-09-30 03:00:00;CASAVDB;true;false;;2021-08-17 03:00:00;LIMIT_REACHED;FIXED_DISCOUNT;PLATFORM;-44;52;80;3274.979999999999;;15.0;;
611e9a6688b84e0022765bf2;false;;2021-10-20 03:00:00;DESCMARIA20;true;false;80;2021-08-19 03:00:00;ACTIVE;PERCENT_DISCOUNT;PLATFORM;-62;;;;20;;1;1
61211e01e26b2f0022d18721;false;;2021-10-22 03:00:00;DESCPAULA40;true;false;80;2021-08-21 03:00:00;ACTIVE;PERCENT_DISCOUNT;PLATFORM;-62;;;;40;;1;1
6123bb66ff6dc500224e1a63;false;;2021-08-31 03:00:00;SUPERSEM1;true;false;;2021-08-23 03:00:00;ACTIVE;FIXED_DISCOUNT;PLATFORM;-8;;4;67.05;;;;
61240f2f1371ac0022d4664c;false;;2021-09-25 03:00:00;virg20;true;false;90;2021-08-23 03:00:00;ACTIVE;FIXED_DISCOUNT;PLATFORM;-33;2;8;380.41;;20.0;;
61240f551371ac0022d466e7;false;;2021-09-25 03:00:00;virg40;true;false;150;2021-08-23 03:00:00;ACTIVE;FIXED_DISCOUNT;PLATFORM;-33;;;;;40.0;;
61240f821371ac0022d4673c;false;;2021-09-25 03:00:00;virg60;true;false;220;2021-08-23 03:00:00;ACTIVE;FIXED_DISCOUNT;PLATFORM;-33;3;3;218.12;;60.0;;
612553a6f0428c00222c2252;false;;2021-10-24 03:00:00;DESCSABRINA40;true;false;80;2021-08-24 03:00:00;ACTIVE;PERCENT_DISCOUNT;PLATFORM;-61;;;;40;;1;1
61255418f0428c00222c239a;false;;2021-10-24 03:00:00;DESCCARLA40;true;false;80;2021-08-24 03:00:00;ACTIVE;PERCENT_DISCOUNT;PLATFORM;-61;;;;40;;1;1
6127c9e061cd100022e2a243;false;;2021-09-26 03:00:00;ESPECIALPATRICIA20;true;false;80;2021-08-26 03:00:00;ACTIVE;PERCENT_DISCOUNT;PLATFORM;-31;;;;20;;1;1
6127fbac61cd100022e38758;false;;2021-09-03 03:00:00;40VDB;false;false;120;2021-08-26 03:00:00;ACTIVE;FIXED_DISCOUNT;PLATFORM;-8;2;4;160.0;;40.0;;
612ccf4bed26bf002253e1c6;false;;2021-12-31 03:00:00;NEWS15;true;false;90;2021-08-30 03:00:00;ACTIVE;FIXED_DISCOUNT;PLATFORM;-123;;5;172.97;;15.0;;
612cd5fced26bf002253f8e2;false;;2021-12-31 03:00:00;FRETOU;true;false;;2021-08-30 03:00:00;ACTIVE;FIXED_DISCOUNT;PLATFORM;-123;;10;226.81;;;;
61310c493019df0022d6f56d;false;;2021-11-02 03:00:00;DESCALESSANDRA40;true;false;80;2021-09-02 03:00:00;ACTIVE;PERCENT_DISCOUNT;PLATFORM;-61;;1;59.47;40;;1;1
61321a10eaac2f0022030493;false;;2021-09-10 03:00:00;TOPFIVE;false;false;120;2021-09-03 03:00:00;ACTIVE;FIXED_DISCOUNT;PLATFORM;-7;;1;40.0;40;40.0;;
6136187e07362d0022e177fc;false;;2021-09-12 03:00:00;BRASILVDB;true;false;;2021-09-06 03:00:00;ACTIVE;FIXED_DISCOUNT;PLATFORM;-6;4;15;344.25000000000006;;;;
6138b08a25b3d300220849f9;false;;2021-09-30 03:00:00;drika10;true;false;;2021-09-08 03:00:00;ACTIVE;PERCENT_DISCOUNT;PLATFORM;-22;;;;10;;;
6138bcea25b3d300220868d7;false;;2021-12-31 03:00:00;VDBFRETE;true;false;30;2021-09-08 03:00:00;ACTIVE;FIXED_DISCOUNT;PLATFORM;-114;22;41;1357.5699999999997;;0.0;;
6139110125b3d3002209bd1a;false;;2021-09-30 03:00:00;BRIGVDB;true;false;;2021-09-08 03:00:00;ACTIVE;FIXED_DISCOUNT;PLATFORM;-22;7;17;452.49;;;;
613a5481da2b46002264222b;false;;2021-09-16 03:00:00;ESPECJOSE40;true;false;149;2021-09-09 03:00:00;ACTIVE;FIXED_DISCOUNT;PLATFORM;-7;;;;;40.0;1;1
6140b4960deba70022ce8f85;false;;2021-09-30 03:00:00;vdbcliente;true;false;;2021-09-14 03:00:00;ACTIVE;FIXED_DISCOUNT;PLATFORM;-16;1;4;84.30000000000001;;;;
6140d3280deba70022cf0f10;false;;2021-09-16 03:00:00;SMSCLIENTE;true;false;;2021-09-14 03:00:00;ACTIVE;FIXED_DISCOUNT;PLATFORM;-2;1;1;29.62;;;;
6141ecb4c6638d0022d89c8b;false;;2021-12-31 03:00:00;CUPOMENTREVISTA;false;false;60;2021-09-15 03:00:00;ACTIVE;FIXED_DISCOUNT;PLATFORM;-107;;1;50.0;;50.0;;
61425801c6638d0022da2820;false;;2021-12-31 03:00:00;CASAENTREVISTA;false;false;80;2021-09-15 03:00:00;ACTIVE;FIXED_DISCOUNT;PLATFORM;-107;;1;70.0;;70.0;;
6142581cc6638d0022da2894;false;;2021-12-31 03:00:00;ENTREVISTA20;false;false;30;2021-09-15 03:00:00;ACTIVE;FIXED_DISCOUNT;PLATFORM;-107;;;;;20.0;;
61435c5bc5120300229eed7e;false;;2021-09-23 03:00:00;ESPECPAULA40;true;false;80;2021-09-16 03:00:00;ACTIVE;PERCENT_DISCOUNT;PLATFORM;-7;;1;77.37;40;;1;1
6144e2c2f188a800220b7cf1;false;;2021-12-31 03:00:00;VEMDEPREMIO;true;false;;2021-09-17 03:00:00;ACTIVE;FIXED_DISCOUNT;PLATFORM;-105;39;124;4923.450000000001;;20.0;1;
6148aa761a537e002214b43c;false;;2021-11-20 03:00:00;DESCGABI20;true;false;60;2021-09-20 03:00:00;ACTIVE;PERCENT_DISCOUNT;PLATFORM;-61;;;;20;;1;1
6148ac7c1a537e002214babf;false;;2021-12-20 03:00:00;DESCJULIA40;true;false;80;2021-09-20 03:00:00;ACTIVE;PERCENT_DISCOUNT;PLATFORM;-91;;;;40;;1;1
6149f582a1a8c900229b442f;false;;2021-09-28 03:00:00;BDAYPATI20;true;false;80;2021-09-21 03:00:00;ACTIVE;PERCENT_DISCOUNT;PLATFORM;-7;1;1;67.9;20;;1;1
614ba3d034476a0022406100;false;;2021-10-23 03:00:00;LIBR20;true;false;90;2021-09-22 03:00:00;LIMIT_REACHED;FIXED_DISCOUNT;PLATFORM;-31;7;11;455.59000000000003;;20.0;;
614ba49b34476a002240663f;false;;2021-10-23 03:00:00;LIBR40;true;false;150;2021-09-22 03:00:00;LIMIT_REACHED;FIXED_DISCOUNT;PLATFORM;-31;5;6;513.25;;40.0;;
614ba4b834476a0022406658;false;;2021-10-23 03:00:00;LIBR60;true;false;220;2021-09-22 03:00:00;LIMIT_REACHED;FIXED_DISCOUNT;PLATFORM;-31;;;;;60.0;;
614c7e822ee5590022fa10b6;false;;2021-12-31 03:00:00;70TAWANY;false;false;;2021-09-23 03:00:00;ACTIVE;FIXED_DISCOUNT;PLATFORM;-99;;1;70.0;;70.0;;
614e158fad72f70022594121;false;;2021-09-28 03:00:00;cupomteste;true;false;80;2021-09-22 03:00:00;ACTIVE;PERCENT_DISCOUNT;PLATFORM;-6;;;;20;;1;1
614e1f29ad72f70022597dbd;false;;;anagourmet;true;false;100;;ACTIVE;FIXED_DISCOUNT;PLATFORM;;;;;;30.0;;
614e3763ad72f7002259ff4f;false;;2021-12-31 03:00:00;FABRIVDB;true;false;50;2021-09-24 03:00:00;ACTIVE;FIXED_DISCOUNT;PLATFORM;-98;;;;;15.0;;
61521272b1b223002265c839;false;;2021-11-27 03:00:00;DESCVITORIA40;true;false;80;2021-09-27 03:00:00;ACTIVE;PERCENT_DISCOUNT;PLATFORM;-61;;;;40;;1;1
61535ed9a84e970022996f4a;false;;2021-11-28 03:00:00;DESCCRIS50;true;false;80;2021-09-28 03:00:00;ACTIVE;PERCENT_DISCOUNT;PLATFORM;-61;1;1;60.0;50;;1;1
615465845f21fd0022fd39ef;false;;2021-10-29 03:00:00;FELIZPARABENSFEH20;true;false;80;2021-09-29 03:00:00;ACTIVE;PERCENT_DISCOUNT;PLATFORM;-30;;;;20;;1;1
615479b35f21fd0022fd8c91;false;;2021-10-31 03:00:00;DIADOCORACAO;true;false;85;2021-09-29 03:00:00;ACTIVE;FIXED_DISCOUNT;PLATFORM;-32;;6;301.91;;20.0;;
6154ca5679bbd60022efd668;false;;2021-10-31 03:00:00;#MAISVENDIDOS;false;false;60;2021-10-04 03:00:00;ACTIVE;FIXED_DISCOUNT;PLATFORM;-27;1;1;20.0;;20.0;0;
6154cc1d79bbd60022efdef1;false;;2021-10-31 03:00:00;vdbfret30;true;false;120;2021-09-29 03:00:00;LIMIT_REACHED;FIXED_DISCOUNT;PLATFORM;-32;;;;;30.0;;
6155c6d079bbd60022f18b00;false;;2021-10-31 03:00:00;QUINTA30;true;false;100;2021-09-30 03:00:00;ACTIVE;FIXED_DISCOUNT;PLATFORM;-31;;4;199.71;;30.0;;
6155ca8879bbd60022f195f8;false;;2021-10-01 03:00:00;15PROMO;true;false;50;2021-09-30 03:00:00;ACTIVE;FIXED_DISCOUNT;PLATFORM;-1;3;10;393.10999999999996;;15.0;;
61570b5ceb950900226eb9e0;false;;2021-10-31 03:00:00;SEXTOU;true;false;120;2021-10-01 03:00:00;ACTIVE;FIXED_DISCOUNT;PLATFORM;-30;;2;127.46;;30.0;;
615b189253c10b0022758bc2;false;;2021-10-31 03:00:00;VEMSORRIR;true;false;50;2021-10-04 03:00:00;LIMIT_REACHED;FIXED_DISCOUNT;PLATFORM;-27;7;17;794.1599999999999;;10.0;;
615b78a7b2a32f0022fa0474;false;;2021-10-31 03:00:00;VEMSEDIVERTIR;true;false;60;2021-10-04 03:00:00;LIMIT_REACHED;FIXED_DISCOUNT;PLATFORM;-27;12;25;971.75;;15.0;;
615cccd46bc6490022924499;false;;2021-10-31 03:00:00;TOP5;true;false;;2021-10-05 03:00:00;ACTIVE;FIXED_DISCOUNT;PLATFORM;-26;;1;12.36;;;;
615df33e6bc649002294cfde;false;;2021-10-31 03:00:00;VDBCRIANCA;true;false;80;2021-10-06 03:00:00;ACTIVE;FIXED_DISCOUNT;PLATFORM;-25;;5;318.82;;30.0;;
615eeea312a1350022b439b8;false;;2021-10-31 03:00:00;DOCE20;false;false;80;2021-10-07 03:00:00;LIMIT_REACHED;FIXED_DISCOUNT;PLATFORM;-24;1;5;100.0;;20.0;;
615eeeb412a1350022b439cd;false;;2021-10-31 03:00:00;DOCE40;false;false;100;2021-10-07 03:00:00;LIMIT_REACHED;FIXED_DISCOUNT;PLATFORM;-24;7;22;880.0;;40.0;;
615f3de912a1350022b5789f;false;;;DESCULPAOATRASO;true;false;50;;ACTIVE;FIXED_DISCOUNT;PLATFORM;;1;1;31.78;;15.0;1;
61603a941770da002258bbdd;false;129;2022-10-08 03:00:00;valecompra-allset01;false;false;;2021-10-08 03:00:00;ACTIVE;FIXED_DISCOUNT;PLATFORM;-365;;;;;129.0;1;1
616489d393ea63002247c17d;false;;2021-12-11 03:00:00;DESCPATRICIA40;true;false;80;2021-10-11 03:00:00;ACTIVE;PERCENT_DISCOUNT;PLATFORM;-61;;;;40;;1;1
6166f4a22dc13f0022846a58;false;;2022-01-13 03:00:00;DESCELISANGELA40;true;false;80;2021-10-13 03:00:00;ACTIVE;PERCENT_DISCOUNT;PLATFORM;-92;;;;40;;1;1
616722a72dc13f002284e5b2;false;;2022-01-13 03:00:00;#DESCPAULA40;true;false;80;2021-10-13 03:00:00;ACTIVE;PERCENT_DISCOUNT;PLATFORM;-92;;;;40;;1;1
616725fb2dc13f002284ee90;false;;2022-01-13 03:00:00;DESCSAMMYA40;true;false;80;2021-10-13 03:00:00;ACTIVE;PERCENT_DISCOUNT;PLATFORM;-92;;1;58.06;40;;;
616820ef19646300229919c0;false;;2021-10-17 03:00:00;VDBPROF;true;false;99;2021-10-14 03:00:00;LIMIT_REACHED;FIXED_DISCOUNT;PLATFORM;-3;3;3;104.82;;20.0;;
616841ac196463002299974d;false;;2021-11-14 03:00:00;HAPPYBDAYYARA20;true;false;80;2021-10-14 03:00:00;ACTIVE;PERCENT_DISCOUNT;PLATFORM;-31;1;1;58.0;20;;1;1
616f5d51fc52930022bd7b01;false;;2021-11-30 03:00:00;ESCORP20;true;false;90;2021-10-21 03:00:00;ACTIVE;FIXED_DISCOUNT;PLATFORM;-40;3;4;178.56;;20.0;1;
616f5de5fc52930022bd7f56;false;;2021-11-30 03:00:00;ESCORP40;true;false;150;2021-10-21 03:00:00;ACTIVE;FIXED_DISCOUNT;PLATFORM;-40;;1;47.7;;40.0;1;
616f5e89fc52930022bd82af;false;;2021-11-30 03:00:00;ESCORP60;true;false;220;2021-10-21 03:00:00;ACTIVE;FIXED_DISCOUNT;PLATFORM;-40;;;;;60.0;1;
617055ed58b0dd00220674fd;false;;2021-11-07 03:00:00;#ESQUENTA;false;false;45;2021-10-21 03:00:00;LIMIT_REACHED;FIXED_DISCOUNT;PLATFORM;-17;1;1;15.0;;15.0;;
6176ca6fa09b1e00221bcf64;false;;2021-10-31 03:00:00;VEMDEMACARON;true;false;99;2021-10-25 03:00:00;ACTIVE;FIXED_DISCOUNT;PLATFORM;-6;;1;42.85;;20.0;;
6178161ce4cc0d0022a66284;false;;2022-01-26 03:00:00;DESCCAROL30;true;false;50;2021-10-26 03:00:00;ACTIVE;PERCENT_DISCOUNT;PLATFORM;-92;;1;55.14;30;;1;1
6178235be4cc0d0022a6ac81;false;;;desculpa-cristiane;true;false;220;;ACTIVE;FIXED_DISCOUNT;PLATFORM;;1;1;109.89;;60.0;1;1
6178320be4cc0d0022a70711;false;;2022-01-26 03:00:00;DESCPLAY40;true;false;80;2021-10-26 03:00:00;ACTIVE;PERCENT_DISCOUNT;PLATFORM;-92;;1;138.85;40;;1;1
61784244e4cc0d0022a76e6a;false;;2021-11-02 03:00:00;VEMDEPREMIOGIU;true;false;;2021-10-26 03:00:00;ACTIVE;FIXED_DISCOUNT;PLATFORM;-7;;;;;20.0;1;1
617850d5e4cc0d0022a7cd5e;false;;2021-10-31 03:00:00;aniv-rosane;true;false;250;;ACTIVE;PERCENT_DISCOUNT;PLATFORM;;;;;25;;1;1
61796145195b8f0022142dc7;false;;2021-10-31 03:00:00;VEMDESUSTO;false;false;110;2021-10-27 03:00:00;LIMIT_REACHED;FIXED_DISCOUNT;PLATFORM;-4;;;;;35.0;;
61798736195b8f0022157342;false;;2021-12-31 03:00:00;VEMDEFRETE;true;false;;2021-10-27 03:00:00;ACTIVE;FIXED_DISCOUNT;PLATFORM;-65;27;45;1372.0000000000002;;;;
6179f14a8bab8700222af4e2;false;;2021-11-30 03:00:00;PROMOBF;true;false;60;;ACTIVE;FIXED_DISCOUNT;PLATFORM;;;2;114.53999999999999;;20.0;;
6179f1b08bab8700222af563;false;;2021-11-30 03:00:00;QUEROFRETE;true;false;35;;ACTIVE;FIXED_DISCOUNT;PLATFORM;;2;3;106.38;;;;
6179f1f28bab8700222af59a;false;;2021-11-30 03:00:00;SUPERKIT;false;false;90;;ACTIVE;FIXED_DISCOUNT;PLATFORM;;;;;;30.0;;
6179f21e8bab8700222af6b1;false;;2021-11-30 03:00:00;BENTOCAKE;false;false;50;;ACTIVE;FIXED_DISCOUNT;PLATFORM;;;;;;15.0;;
6179f2478bab8700222af79e;false;;2021-11-30 03:00:00;RECHEADO;false;false;80;;ACTIVE;FIXED_DISCOUNT;PLATFORM;;;;;;20.0;;
6179f2768bab8700222af862;false;;2021-11-30 03:00:00;VEGANO;false;false;40;;ACTIVE;FIXED_DISCOUNT;PLATFORM;;;;;;10.0;;
6179f29f8bab8700222af8fd;false;;2021-11-30 03:00:00;TORTAS;false;false;80;;ACTIVE;FIXED_DISCOUNT;PLATFORM;;;;;;20.0;;
617c085577ddb20022434f92;false;;;PREBFVDB;true;false;90;;ACTIVE;PERCENT_DISCOUNT;PLATFORM;;;;;15;;;
617c1d6777ddb2002243e40e;false;;2021-11-30 03:00:00;VEMDEBF;false;false;45;2021-10-29 03:00:00;ACTIVE;FIXED_DISCOUNT;PLATFORM;-32;;3;45.0;;15.0;;
618030dc171c740022e7a152;false;;2021-11-30 03:00:00;SEGUNDABF;true;false;90;2021-11-01 03:00:00;ACTIVE;FIXED_DISCOUNT;PLATFORM;-29;2;15;894.27;;30.0;;
618030ee171c740022e7a153;false;;2021-11-30 03:00:00;TERCABF;false;false;50;2021-11-01 03:00:00;ACTIVE;FIXED_DISCOUNT;PLATFORM;-29;1;3;60.0;;20.0;;
61803100171c740022e7a16c;false;;2021-11-30 03:00:00;QUARTABF;true;false;70;2021-11-01 03:00:00;ACTIVE;FIXED_DISCOUNT;PLATFORM;-29;3;6;274.94;;20.0;;
6180310d171c740022e7a191;false;;2021-11-30 03:00:00;QUINTABF;true;false;;2021-11-01 03:00:00;ACTIVE;FIXED_DISCOUNT;PLATFORM;-29;;;;;;;
61803121171c740022e7a19c;false;;2021-11-30 03:00:00;SEXTABF;false;false;50;2021-11-01 03:00:00;ACTIVE;PERCENT_DISCOUNT;PLATFORM;-29;;;;30;15.0;;
61803131171c740022e7a1ad;false;;2021-11-30 03:00:00;SABADOBF;false;false;80;2021-11-01 03:00:00;ACTIVE;FIXED_DISCOUNT;PLATFORM;-29;;;;;20.0;;
6180313d171c740022e7a1ae;false;;2021-11-30 03:00:00;DOMINGOBF;true;false;;2021-11-01 03:00:00;ACTIVE;FIXED_DISCOUNT;PLATFORM;-29;;;;;;;
6182a6a9b830240022a53443;false;;2022-02-04 03:00:00;DESCCRIS40;false;false;80;2021-11-03 03:00:00;ACTIVE;FIXED_DISCOUNT;PLATFORM;-93;;;;40;0.01;1;1
6182c90fb830240022a5da4b;false;;2021-11-05 03:00:00;VEMDEPREMIOROSA;true;false;;2021-11-03 03:00:00;ACTIVE;FIXED_DISCOUNT;PLATFORM;-2;1;1;107.53999999999999;;20.0;1;1
61894e37fb663c0022984a6e;false;;2021-12-08 03:00:00;ESPCMARCUS;true;false;;2021-11-08 03:00:00;ACTIVE;PERCENT_DISCOUNT;PLATFORM;-30;;;;15;;1;1
618a8ce487036600228932a7;false;;2021-11-30 03:00:00;KITS30BF;true;false;90;2021-11-09 03:00:00;ACTIVE;FIXED_DISCOUNT;PLATFORM;-21;;;;;30.0;;
618a8d31870366002289336d;false;;2021-11-30 03:00:00;BENTO20BF;false;false;50;2021-11-09 03:00:00;ACTIVE;FIXED_DISCOUNT;PLATFORM;-21;1;1;20.0;;20.0;;
618bfbc924f5f60022d118e3;false;;2021-11-30 03:00:00;PROMOBF20;true;false;70;2021-11-12 03:00:00;ACTIVE;FIXED_DISCOUNT;PLATFORM;-18;;;;;20.0;;
618bfc6f24f5f60022d11ae4;false;;2021-11-30 03:00:00;PROMOBF30;true;false;90;2021-11-12 03:00:00;ACTIVE;FIXED_DISCOUNT;PLATFORM;-18;;;;;30.0;;
618bfcc324f5f60022d11b65;false;;2021-11-30 03:00:00;PROMOBF40;true;false;110;2021-11-12 03:00:00;ACTIVE;FIXED_DISCOUNT;PLATFORM;-18;;;;;40.0;;
618bfe4224f5f60022d12155;false;;2021-11-30 03:00:00;PROMOBF50;true;false;130;2021-11-12 03:00:00;ACTIVE;FIXED_DISCOUNT;PLATFORM;-18;;;;;50.0;;
